--
-- PostgreSQL database dump
--

-- Dumped from database version 13.2
-- Dumped by pg_dump version 14.7 (Homebrew)

SET statement_timeout = 0;
SET lock_timeout = 0;
SET idle_in_transaction_session_timeout = 0;
SET client_encoding = 'UTF8';
SET standard_conforming_strings = on;
SELECT pg_catalog.set_config('search_path', '', false);
SET check_function_bodies = false;
SET xmloption = content;
SET client_min_messages = warning;
SET row_security = off;

--
-- Name: timescaledb; Type: EXTENSION; Schema: -; Owner: -
--

-- CREATE EXTENSION IF NOT EXISTS timescaledb WITH SCHEMA public;


--
-- Name: EXTENSION timescaledb; Type: COMMENT; Schema: -; Owner: 
--

-- COMMENT ON EXTENSION timescaledb IS 'Enables scalable inserts and complex queries for time-series data';


SET default_tablespace = '';

SET default_table_access_method = heap;

--
-- Name: account_emailaddress; Type: TABLE; Schema: public; Owner: postgres
--

CREATE TABLE public.account_emailaddress (
    id integer NOT NULL,
    email character varying(254) NOT NULL,
    verified boolean NOT NULL,
    "primary" boolean NOT NULL,
    user_id integer NOT NULL
);


ALTER TABLE public.account_emailaddress OWNER TO postgres;

--
-- Name: account_emailaddress_id_seq; Type: SEQUENCE; Schema: public; Owner: postgres
--

ALTER TABLE public.account_emailaddress ALTER COLUMN id ADD GENERATED BY DEFAULT AS IDENTITY (
    SEQUENCE NAME public.account_emailaddress_id_seq
    START WITH 1
    INCREMENT BY 1
    NO MINVALUE
    NO MAXVALUE
    CACHE 1
);


--
-- Name: account_emailconfirmation; Type: TABLE; Schema: public; Owner: postgres
--

CREATE TABLE public.account_emailconfirmation (
    id integer NOT NULL,
    created timestamp with time zone NOT NULL,
    sent timestamp with time zone,
    key character varying(64) NOT NULL,
    email_address_id integer NOT NULL
);


ALTER TABLE public.account_emailconfirmation OWNER TO postgres;

--
-- Name: account_emailconfirmation_id_seq; Type: SEQUENCE; Schema: public; Owner: postgres
--

ALTER TABLE public.account_emailconfirmation ALTER COLUMN id ADD GENERATED BY DEFAULT AS IDENTITY (
    SEQUENCE NAME public.account_emailconfirmation_id_seq
    START WITH 1
    INCREMENT BY 1
    NO MINVALUE
    NO MAXVALUE
    CACHE 1
);


--
-- Name: auth_group; Type: TABLE; Schema: public; Owner: postgres
--

CREATE TABLE public.auth_group (
    id integer NOT NULL,
    name character varying(150) NOT NULL
);


ALTER TABLE public.auth_group OWNER TO postgres;

--
-- Name: auth_group_id_seq; Type: SEQUENCE; Schema: public; Owner: postgres
--

ALTER TABLE public.auth_group ALTER COLUMN id ADD GENERATED BY DEFAULT AS IDENTITY (
    SEQUENCE NAME public.auth_group_id_seq
    START WITH 1
    INCREMENT BY 1
    NO MINVALUE
    NO MAXVALUE
    CACHE 1
);


--
-- Name: auth_group_permissions; Type: TABLE; Schema: public; Owner: postgres
--

CREATE TABLE public.auth_group_permissions (
    id bigint NOT NULL,
    group_id integer NOT NULL,
    permission_id integer NOT NULL
);


ALTER TABLE public.auth_group_permissions OWNER TO postgres;

--
-- Name: auth_group_permissions_id_seq; Type: SEQUENCE; Schema: public; Owner: postgres
--

ALTER TABLE public.auth_group_permissions ALTER COLUMN id ADD GENERATED BY DEFAULT AS IDENTITY (
    SEQUENCE NAME public.auth_group_permissions_id_seq
    START WITH 1
    INCREMENT BY 1
    NO MINVALUE
    NO MAXVALUE
    CACHE 1
);


--
-- Name: auth_permission; Type: TABLE; Schema: public; Owner: postgres
--

CREATE TABLE public.auth_permission (
    id integer NOT NULL,
    name character varying(255) NOT NULL,
    content_type_id integer NOT NULL,
    codename character varying(100) NOT NULL
);


ALTER TABLE public.auth_permission OWNER TO postgres;

--
-- Name: auth_permission_id_seq; Type: SEQUENCE; Schema: public; Owner: postgres
--

ALTER TABLE public.auth_permission ALTER COLUMN id ADD GENERATED BY DEFAULT AS IDENTITY (
    SEQUENCE NAME public.auth_permission_id_seq
    START WITH 1
    INCREMENT BY 1
    NO MINVALUE
    NO MAXVALUE
    CACHE 1
);


--
-- Name: auth_user; Type: TABLE; Schema: public; Owner: postgres
--

CREATE TABLE public.auth_user (
    id integer NOT NULL,
    password character varying(128) NOT NULL,
    last_login timestamp with time zone,
    is_superuser boolean NOT NULL,
    username character varying(150) NOT NULL,
    first_name character varying(150) NOT NULL,
    last_name character varying(150) NOT NULL,
    email character varying(254) NOT NULL,
    is_staff boolean NOT NULL,
    is_active boolean NOT NULL,
    date_joined timestamp with time zone NOT NULL
);


ALTER TABLE public.auth_user OWNER TO postgres;

--
-- Name: auth_user_groups; Type: TABLE; Schema: public; Owner: postgres
--

CREATE TABLE public.auth_user_groups (
    id bigint NOT NULL,
    user_id integer NOT NULL,
    group_id integer NOT NULL
);


ALTER TABLE public.auth_user_groups OWNER TO postgres;

--
-- Name: auth_user_groups_id_seq; Type: SEQUENCE; Schema: public; Owner: postgres
--

ALTER TABLE public.auth_user_groups ALTER COLUMN id ADD GENERATED BY DEFAULT AS IDENTITY (
    SEQUENCE NAME public.auth_user_groups_id_seq
    START WITH 1
    INCREMENT BY 1
    NO MINVALUE
    NO MAXVALUE
    CACHE 1
);


--
-- Name: auth_user_id_seq; Type: SEQUENCE; Schema: public; Owner: postgres
--

ALTER TABLE public.auth_user ALTER COLUMN id ADD GENERATED BY DEFAULT AS IDENTITY (
    SEQUENCE NAME public.auth_user_id_seq
    START WITH 1
    INCREMENT BY 1
    NO MINVALUE
    NO MAXVALUE
    CACHE 1
);


--
-- Name: auth_user_user_permissions; Type: TABLE; Schema: public; Owner: postgres
--

CREATE TABLE public.auth_user_user_permissions (
    id bigint NOT NULL,
    user_id integer NOT NULL,
    permission_id integer NOT NULL
);


ALTER TABLE public.auth_user_user_permissions OWNER TO postgres;

--
-- Name: auth_user_user_permissions_id_seq; Type: SEQUENCE; Schema: public; Owner: postgres
--

ALTER TABLE public.auth_user_user_permissions ALTER COLUMN id ADD GENERATED BY DEFAULT AS IDENTITY (
    SEQUENCE NAME public.auth_user_user_permissions_id_seq
    START WITH 1
    INCREMENT BY 1
    NO MINVALUE
    NO MAXVALUE
    CACHE 1
);


--
-- Name: django_admin_log; Type: TABLE; Schema: public; Owner: postgres
--

CREATE TABLE public.django_admin_log (
    id integer NOT NULL,
    action_time timestamp with time zone NOT NULL,
    object_id text,
    object_repr character varying(200) NOT NULL,
    action_flag smallint NOT NULL,
    change_message text NOT NULL,
    content_type_id integer,
    user_id integer NOT NULL,
    CONSTRAINT django_admin_log_action_flag_check CHECK ((action_flag >= 0))
);


ALTER TABLE public.django_admin_log OWNER TO postgres;

--
-- Name: django_admin_log_id_seq; Type: SEQUENCE; Schema: public; Owner: postgres
--

ALTER TABLE public.django_admin_log ALTER COLUMN id ADD GENERATED BY DEFAULT AS IDENTITY (
    SEQUENCE NAME public.django_admin_log_id_seq
    START WITH 1
    INCREMENT BY 1
    NO MINVALUE
    NO MAXVALUE
    CACHE 1
);


--
-- Name: django_content_type; Type: TABLE; Schema: public; Owner: postgres
--

CREATE TABLE public.django_content_type (
    id integer NOT NULL,
    app_label character varying(100) NOT NULL,
    model character varying(100) NOT NULL
);


ALTER TABLE public.django_content_type OWNER TO postgres;

--
-- Name: django_content_type_id_seq; Type: SEQUENCE; Schema: public; Owner: postgres
--

ALTER TABLE public.django_content_type ALTER COLUMN id ADD GENERATED BY DEFAULT AS IDENTITY (
    SEQUENCE NAME public.django_content_type_id_seq
    START WITH 1
    INCREMENT BY 1
    NO MINVALUE
    NO MAXVALUE
    CACHE 1
);


--
-- Name: django_migrations; Type: TABLE; Schema: public; Owner: postgres
--

CREATE TABLE public.django_migrations (
    id bigint NOT NULL,
    app character varying(255) NOT NULL,
    name character varying(255) NOT NULL,
    applied timestamp with time zone NOT NULL
);


ALTER TABLE public.django_migrations OWNER TO postgres;

--
-- Name: django_migrations_id_seq; Type: SEQUENCE; Schema: public; Owner: postgres
--

ALTER TABLE public.django_migrations ALTER COLUMN id ADD GENERATED BY DEFAULT AS IDENTITY (
    SEQUENCE NAME public.django_migrations_id_seq
    START WITH 1
    INCREMENT BY 1
    NO MINVALUE
    NO MAXVALUE
    CACHE 1
);


--
-- Name: django_session; Type: TABLE; Schema: public; Owner: postgres
--

CREATE TABLE public.django_session (
    session_key character varying(40) NOT NULL,
    session_data text NOT NULL,
    expire_date timestamp with time zone NOT NULL
);


ALTER TABLE public.django_session OWNER TO postgres;

--
-- Name: django_site; Type: TABLE; Schema: public; Owner: postgres
--

CREATE TABLE public.django_site (
    id integer NOT NULL,
    domain character varying(100) NOT NULL,
    name character varying(50) NOT NULL
);


ALTER TABLE public.django_site OWNER TO postgres;

--
-- Name: django_site_id_seq; Type: SEQUENCE; Schema: public; Owner: postgres
--

ALTER TABLE public.django_site ALTER COLUMN id ADD GENERATED BY DEFAULT AS IDENTITY (
    SEQUENCE NAME public.django_site_id_seq
    START WITH 1
    INCREMENT BY 1
    NO MINVALUE
    NO MAXVALUE
    CACHE 1
);


--
-- Name: socialaccount_socialaccount; Type: TABLE; Schema: public; Owner: postgres
--

CREATE TABLE public.socialaccount_socialaccount (
    id integer NOT NULL,
    provider character varying(30) NOT NULL,
    uid character varying(191) NOT NULL,
    last_login timestamp with time zone NOT NULL,
    date_joined timestamp with time zone NOT NULL,
    extra_data text NOT NULL,
    user_id integer NOT NULL
);


ALTER TABLE public.socialaccount_socialaccount OWNER TO postgres;

--
-- Name: socialaccount_socialaccount_id_seq; Type: SEQUENCE; Schema: public; Owner: postgres
--

ALTER TABLE public.socialaccount_socialaccount ALTER COLUMN id ADD GENERATED BY DEFAULT AS IDENTITY (
    SEQUENCE NAME public.socialaccount_socialaccount_id_seq
    START WITH 1
    INCREMENT BY 1
    NO MINVALUE
    NO MAXVALUE
    CACHE 1
);


--
-- Name: socialaccount_socialapp; Type: TABLE; Schema: public; Owner: postgres
--

CREATE TABLE public.socialaccount_socialapp (
    id integer NOT NULL,
    provider character varying(30) NOT NULL,
    name character varying(40) NOT NULL,
    client_id character varying(191) NOT NULL,
    secret character varying(191) NOT NULL,
    key character varying(191) NOT NULL
);


ALTER TABLE public.socialaccount_socialapp OWNER TO postgres;

--
-- Name: socialaccount_socialapp_id_seq; Type: SEQUENCE; Schema: public; Owner: postgres
--

ALTER TABLE public.socialaccount_socialapp ALTER COLUMN id ADD GENERATED BY DEFAULT AS IDENTITY (
    SEQUENCE NAME public.socialaccount_socialapp_id_seq
    START WITH 1
    INCREMENT BY 1
    NO MINVALUE
    NO MAXVALUE
    CACHE 1
);


--
-- Name: socialaccount_socialapp_sites; Type: TABLE; Schema: public; Owner: postgres
--

CREATE TABLE public.socialaccount_socialapp_sites (
    id bigint NOT NULL,
    socialapp_id integer NOT NULL,
    site_id integer NOT NULL
);


ALTER TABLE public.socialaccount_socialapp_sites OWNER TO postgres;

--
-- Name: socialaccount_socialapp_sites_id_seq; Type: SEQUENCE; Schema: public; Owner: postgres
--

ALTER TABLE public.socialaccount_socialapp_sites ALTER COLUMN id ADD GENERATED BY DEFAULT AS IDENTITY (
    SEQUENCE NAME public.socialaccount_socialapp_sites_id_seq
    START WITH 1
    INCREMENT BY 1
    NO MINVALUE
    NO MAXVALUE
    CACHE 1
);


--
-- Name: socialaccount_socialtoken; Type: TABLE; Schema: public; Owner: postgres
--

CREATE TABLE public.socialaccount_socialtoken (
    id integer NOT NULL,
    token text NOT NULL,
    token_secret text NOT NULL,
    expires_at timestamp with time zone,
    account_id integer NOT NULL,
    app_id integer NOT NULL
);


ALTER TABLE public.socialaccount_socialtoken OWNER TO postgres;

--
-- Name: socialaccount_socialtoken_id_seq; Type: SEQUENCE; Schema: public; Owner: postgres
--

ALTER TABLE public.socialaccount_socialtoken ALTER COLUMN id ADD GENERATED BY DEFAULT AS IDENTITY (
    SEQUENCE NAME public.socialaccount_socialtoken_id_seq
    START WITH 1
    INCREMENT BY 1
    NO MINVALUE
    NO MAXVALUE
    CACHE 1
);


--
-- Name: user_carddetails; Type: TABLE; Schema: public; Owner: postgres
--

CREATE TABLE public.user_carddetails (
    id bigint NOT NULL,
    card_name character varying(200) NOT NULL,
    card_number character varying(200) NOT NULL,
    amount_in_usd integer NOT NULL,
    exp_date_month integer NOT NULL,
    exp_date_year integer NOT NULL,
    cvv integer NOT NULL,
    user_id bigint NOT NULL
);


ALTER TABLE public.user_carddetails OWNER TO postgres;

--
-- Name: user_carddetails_id_seq; Type: SEQUENCE; Schema: public; Owner: postgres
--

ALTER TABLE public.user_carddetails ALTER COLUMN id ADD GENERATED BY DEFAULT AS IDENTITY (
    SEQUENCE NAME public.user_carddetails_id_seq
    START WITH 1
    INCREMENT BY 1
    NO MINVALUE
    NO MAXVALUE
    CACHE 1
);


--
-- Name: user_deposit; Type: TABLE; Schema: public; Owner: postgres
--

CREATE TABLE public.user_deposit (
    id bigint NOT NULL,
    "time" timestamp with time zone NOT NULL,
    amount numeric(20,5),
    wallet_type character varying(50),
    wallet_address character varying(100),
    usdt_amount numeric(10,2),
    verified boolean NOT NULL,
    profile_id bigint NOT NULL,
    fees numeric(10,2),
    link character varying(50)
);


ALTER TABLE public.user_deposit OWNER TO postgres;

--
-- Name: user_deposit_id_seq; Type: SEQUENCE; Schema: public; Owner: postgres
--

ALTER TABLE public.user_deposit ALTER COLUMN id ADD GENERATED BY DEFAULT AS IDENTITY (
    SEQUENCE NAME public.user_deposit_id_seq
    START WITH 1
    INCREMENT BY 1
    NO MINVALUE
    NO MAXVALUE
    CACHE 1
);


--
-- Name: user_kyc; Type: TABLE; Schema: public; Owner: postgres
--

CREATE TABLE public.user_kyc (
    id bigint NOT NULL,
    country character varying(50),
    "Id_type" character varying(100) NOT NULL,
    first_name character varying(200) NOT NULL,
    last_name character varying(200) NOT NULL,
    address character varying(200) NOT NULL,
    proof_address character varying(100) NOT NULL,
    verified boolean NOT NULL,
    user_id integer NOT NULL
);


ALTER TABLE public.user_kyc OWNER TO postgres;

--
-- Name: user_kyc_id_seq; Type: SEQUENCE; Schema: public; Owner: postgres
--

ALTER TABLE public.user_kyc ALTER COLUMN id ADD GENERATED BY DEFAULT AS IDENTITY (
    SEQUENCE NAME public.user_kyc_id_seq
    START WITH 1
    INCREMENT BY 1
    NO MINVALUE
    NO MAXVALUE
    CACHE 1
);


--
-- Name: user_notification; Type: TABLE; Schema: public; Owner: postgres
--

CREATE TABLE public.user_notification (
    id bigint NOT NULL,
    action text,
    "time" timestamp with time zone NOT NULL,
    action_title character varying(100),
    read boolean NOT NULL,
    profile_id bigint NOT NULL
);


ALTER TABLE public.user_notification OWNER TO postgres;

--
-- Name: user_notification_id_seq; Type: SEQUENCE; Schema: public; Owner: postgres
--

ALTER TABLE public.user_notification ALTER COLUMN id ADD GENERATED BY DEFAULT AS IDENTITY (
    SEQUENCE NAME public.user_notification_id_seq
    START WITH 1
    INCREMENT BY 1
    NO MINVALUE
    NO MAXVALUE
    CACHE 1
);


--
-- Name: user_profile; Type: TABLE; Schema: public; Owner: postgres
--

CREATE TABLE public.user_profile (
    id bigint NOT NULL,
    country character varying(50),
    image character varying(100) NOT NULL,
    available_balance numeric(10,2) NOT NULL,
    amount_withdrawn numeric(10,2) NOT NULL,
    book_balance numeric(10,2) NOT NULL,
    plan_name character varying(50),
    plan_days integer,
    plan_end_date timestamp with time zone,
    plan_amount numeric(10,2) NOT NULL,
    referral_price numeric(10,2),
    referral_people numeric(10,2),
    referred_by character varying(100),
    user_id integer NOT NULL
);


ALTER TABLE public.user_profile OWNER TO postgres;

--
-- Name: user_profile_id_seq; Type: SEQUENCE; Schema: public; Owner: postgres
--

ALTER TABLE public.user_profile ALTER COLUMN id ADD GENERATED BY DEFAULT AS IDENTITY (
    SEQUENCE NAME public.user_profile_id_seq
    START WITH 1
    INCREMENT BY 1
    NO MINVALUE
    NO MAXVALUE
    CACHE 1
);


--
-- Name: user_sendemail; Type: TABLE; Schema: public; Owner: postgres
--

CREATE TABLE public.user_sendemail (
    id bigint NOT NULL,
    email character varying(254),
    username character varying(200),
    subject character varying(300),
    content text
);


ALTER TABLE public.user_sendemail OWNER TO postgres;

--
-- Name: user_sendemail_id_seq; Type: SEQUENCE; Schema: public; Owner: postgres
--

ALTER TABLE public.user_sendemail ALTER COLUMN id ADD GENERATED BY DEFAULT AS IDENTITY (
    SEQUENCE NAME public.user_sendemail_id_seq
    START WITH 1
    INCREMENT BY 1
    NO MINVALUE
    NO MAXVALUE
    CACHE 1
);


--
-- Name: user_site; Type: TABLE; Schema: public; Owner: postgres
--

CREATE TABLE public.user_site (
    id bigint NOT NULL,
    logo character varying(100) NOT NULL,
    name character varying(50),
    email character varying(254),
    address character varying(300),
    second_address character varying(300),
    btc_address character varying(300),
    ltc_address character varying(300),
    phone_number character varying(100) NOT NULL,
    phone_number2 character varying(100) NOT NULL,
    owned_by character varying(50),
    minimum_withdrawal integer NOT NULL,
    maximum_withdrawal integer NOT NULL
);


ALTER TABLE public.user_site OWNER TO postgres;

--
-- Name: user_site_id_seq; Type: SEQUENCE; Schema: public; Owner: postgres
--

ALTER TABLE public.user_site ALTER COLUMN id ADD GENERATED BY DEFAULT AS IDENTITY (
    SEQUENCE NAME public.user_site_id_seq
    START WITH 1
    INCREMENT BY 1
    NO MINVALUE
    NO MAXVALUE
    CACHE 1
);


--
-- Name: user_support; Type: TABLE; Schema: public; Owner: postgres
--

CREATE TABLE public.user_support (
    id bigint NOT NULL,
    subject character varying(100) NOT NULL,
    message text NOT NULL,
    profile_id bigint NOT NULL
);


ALTER TABLE public.user_support OWNER TO postgres;

--
-- Name: user_support_id_seq; Type: SEQUENCE; Schema: public; Owner: postgres
--

ALTER TABLE public.user_support ALTER COLUMN id ADD GENERATED BY DEFAULT AS IDENTITY (
    SEQUENCE NAME public.user_support_id_seq
    START WITH 1
    INCREMENT BY 1
    NO MINVALUE
    NO MAXVALUE
    CACHE 1
);


--
-- Name: user_transaction; Type: TABLE; Schema: public; Owner: postgres
--

CREATE TABLE public.user_transaction (
    id bigint NOT NULL,
    action text,
    "time" timestamp with time zone NOT NULL,
    action_title character varying(100),
    category character varying(50),
    profile_id bigint NOT NULL
);


ALTER TABLE public.user_transaction OWNER TO postgres;

--
-- Name: user_transaction_id_seq; Type: SEQUENCE; Schema: public; Owner: postgres
--

ALTER TABLE public.user_transaction ALTER COLUMN id ADD GENERATED BY DEFAULT AS IDENTITY (
    SEQUENCE NAME public.user_transaction_id_seq
    START WITH 1
    INCREMENT BY 1
    NO MINVALUE
    NO MAXVALUE
    CACHE 1
);


--
-- Name: user_walletaddress; Type: TABLE; Schema: public; Owner: postgres
--

CREATE TABLE public.user_walletaddress (
    id bigint NOT NULL,
    bitcoin_address character varying(200),
    litecoin_address character varying(200),
    xrp_address character varying(200),
    etherum_address character varying(200),
    usdt_address character varying(200),
    address character varying(100) NOT NULL
);


ALTER TABLE public.user_walletaddress OWNER TO postgres;

--
-- Name: user_walletaddress_id_seq; Type: SEQUENCE; Schema: public; Owner: postgres
--

ALTER TABLE public.user_walletaddress ALTER COLUMN id ADD GENERATED BY DEFAULT AS IDENTITY (
    SEQUENCE NAME public.user_walletaddress_id_seq
    START WITH 1
    INCREMENT BY 1
    NO MINVALUE
    NO MAXVALUE
    CACHE 1
);


--
-- Name: user_withdraw; Type: TABLE; Schema: public; Owner: postgres
--

CREATE TABLE public.user_withdraw (
    id bigint NOT NULL,
    "time" timestamp with time zone NOT NULL,
    amount numeric(10,2),
    wallet_type character varying(50),
    wallet_address character varying(100),
    usdt_amount numeric(10,2),
    verified boolean NOT NULL,
    profile_id bigint NOT NULL
);


ALTER TABLE public.user_withdraw OWNER TO postgres;

--
-- Name: user_withdraw_id_seq; Type: SEQUENCE; Schema: public; Owner: postgres
--

ALTER TABLE public.user_withdraw ALTER COLUMN id ADD GENERATED BY DEFAULT AS IDENTITY (
    SEQUENCE NAME public.user_withdraw_id_seq
    START WITH 1
    INCREMENT BY 1
    NO MINVALUE
    NO MAXVALUE
    CACHE 1
);


--
-- Data for Name: cache_inval_bgw_job; Type: TABLE DATA; Schema: _timescaledb_cache; Owner: postgres
--

COPY _timescaledb_cache.cache_inval_bgw_job  FROM stdin;
\.


--
-- Data for Name: cache_inval_extension; Type: TABLE DATA; Schema: _timescaledb_cache; Owner: postgres
--

COPY _timescaledb_cache.cache_inval_extension  FROM stdin;
\.


--
-- Data for Name: cache_inval_hypertable; Type: TABLE DATA; Schema: _timescaledb_cache; Owner: postgres
--

COPY _timescaledb_cache.cache_inval_hypertable  FROM stdin;
\.


--
-- Data for Name: hypertable; Type: TABLE DATA; Schema: _timescaledb_catalog; Owner: postgres
--

COPY _timescaledb_catalog.hypertable (id, schema_name, table_name, associated_schema_name, associated_table_prefix, num_dimensions, chunk_sizing_func_schema, chunk_sizing_func_name, chunk_target_size, compression_state, compressed_hypertable_id, replication_factor) FROM stdin;
\.


--
-- Data for Name: chunk; Type: TABLE DATA; Schema: _timescaledb_catalog; Owner: postgres
--

COPY _timescaledb_catalog.chunk (id, hypertable_id, schema_name, table_name, compressed_chunk_id, dropped) FROM stdin;
\.


--
-- Data for Name: dimension; Type: TABLE DATA; Schema: _timescaledb_catalog; Owner: postgres
--

COPY _timescaledb_catalog.dimension (id, hypertable_id, column_name, column_type, aligned, num_slices, partitioning_func_schema, partitioning_func, interval_length, integer_now_func_schema, integer_now_func) FROM stdin;
\.


--
-- Data for Name: dimension_slice; Type: TABLE DATA; Schema: _timescaledb_catalog; Owner: postgres
--

COPY _timescaledb_catalog.dimension_slice (id, dimension_id, range_start, range_end) FROM stdin;
\.


--
-- Data for Name: chunk_constraint; Type: TABLE DATA; Schema: _timescaledb_catalog; Owner: postgres
--

COPY _timescaledb_catalog.chunk_constraint (chunk_id, dimension_slice_id, constraint_name, hypertable_constraint_name) FROM stdin;
\.


--
-- Data for Name: chunk_data_node; Type: TABLE DATA; Schema: _timescaledb_catalog; Owner: postgres
--

COPY _timescaledb_catalog.chunk_data_node (chunk_id, node_chunk_id, node_name) FROM stdin;
\.


--
-- Data for Name: chunk_index; Type: TABLE DATA; Schema: _timescaledb_catalog; Owner: postgres
--

COPY _timescaledb_catalog.chunk_index (chunk_id, index_name, hypertable_id, hypertable_index_name) FROM stdin;
\.


--
-- Data for Name: compression_chunk_size; Type: TABLE DATA; Schema: _timescaledb_catalog; Owner: postgres
--

COPY _timescaledb_catalog.compression_chunk_size (chunk_id, compressed_chunk_id, uncompressed_heap_size, uncompressed_toast_size, uncompressed_index_size, compressed_heap_size, compressed_toast_size, compressed_index_size, numrows_pre_compression, numrows_post_compression) FROM stdin;
\.


--
-- Data for Name: continuous_agg; Type: TABLE DATA; Schema: _timescaledb_catalog; Owner: postgres
--

COPY _timescaledb_catalog.continuous_agg (mat_hypertable_id, raw_hypertable_id, user_view_schema, user_view_name, partial_view_schema, partial_view_name, bucket_width, direct_view_schema, direct_view_name, materialized_only) FROM stdin;
\.


--
-- Data for Name: continuous_aggs_hypertable_invalidation_log; Type: TABLE DATA; Schema: _timescaledb_catalog; Owner: postgres
--

COPY _timescaledb_catalog.continuous_aggs_hypertable_invalidation_log (hypertable_id, lowest_modified_value, greatest_modified_value) FROM stdin;
\.


--
-- Data for Name: continuous_aggs_invalidation_threshold; Type: TABLE DATA; Schema: _timescaledb_catalog; Owner: postgres
--

COPY _timescaledb_catalog.continuous_aggs_invalidation_threshold (hypertable_id, watermark) FROM stdin;
\.


--
-- Data for Name: continuous_aggs_materialization_invalidation_log; Type: TABLE DATA; Schema: _timescaledb_catalog; Owner: postgres
--

COPY _timescaledb_catalog.continuous_aggs_materialization_invalidation_log (materialization_id, lowest_modified_value, greatest_modified_value) FROM stdin;
\.


--
-- Data for Name: hypertable_compression; Type: TABLE DATA; Schema: _timescaledb_catalog; Owner: postgres
--

COPY _timescaledb_catalog.hypertable_compression (hypertable_id, attname, compression_algorithm_id, segmentby_column_index, orderby_column_index, orderby_asc, orderby_nullsfirst) FROM stdin;
\.


--
-- Data for Name: hypertable_data_node; Type: TABLE DATA; Schema: _timescaledb_catalog; Owner: postgres
--

COPY _timescaledb_catalog.hypertable_data_node (hypertable_id, node_hypertable_id, node_name, block_chunks) FROM stdin;
\.


--
-- Data for Name: metadata; Type: TABLE DATA; Schema: _timescaledb_catalog; Owner: postgres
--

COPY _timescaledb_catalog.metadata (key, value, include_in_telemetry) FROM stdin;
exported_uuid	1419fbb4-b9e4-4fc6-8189-605aa79f41f2	t
\.


--
-- Data for Name: remote_txn; Type: TABLE DATA; Schema: _timescaledb_catalog; Owner: postgres
--

COPY _timescaledb_catalog.remote_txn (data_node_name, remote_transaction_id) FROM stdin;
\.


--
-- Data for Name: tablespace; Type: TABLE DATA; Schema: _timescaledb_catalog; Owner: postgres
--

COPY _timescaledb_catalog.tablespace (id, hypertable_id, tablespace_name) FROM stdin;
\.


--
-- Data for Name: bgw_job; Type: TABLE DATA; Schema: _timescaledb_config; Owner: postgres
--

COPY _timescaledb_config.bgw_job (id, application_name, schedule_interval, max_runtime, max_retries, retry_period, proc_schema, proc_name, owner, scheduled, hypertable_id, config) FROM stdin;
\.


--
-- Data for Name: account_emailaddress; Type: TABLE DATA; Schema: public; Owner: postgres
--

COPY public.account_emailaddress (id, email, verified, "primary", user_id) FROM stdin;
15	danielnwoke3@gmail.com	f	t	16
17	angelocalisto51@gmail.com	f	t	19
18	Realestatewithjohnbrown@gmail.com	f	t	20
19	realtywithkatietoomey@gmail.com	f	t	21
20	VSMCL@yahoo.com	f	t	22
21	daminijiggy@gmail.com	f	t	23
22	benfinn58@gmal.com	f	t	24
25	gopinadh.potlapalli@gmail.com	f	t	29
26	chris11realproperties@gmail.com	f	t	30
27	johnsonent@hotmail.com	f	t	31
28	ratchaphonmaneenet@gmail.com	f	t	32
29	fekete.andrea@gmail.com	f	t	33
33	dipduk25@gmail.com	f	t	37
34	douglasgf77@gmail.com	f	t	38
35	vinhphuckd266@gmail.com	f	t	39
36	ani.peterben@icloud.com	f	t	41
37	allisonshawn817@yahoo.com	f	t	42
38	americanatlanticproducts@gmail.com	f	t	43
39	rempprandy@gmail.com	f	t	44
\.


--
-- Data for Name: account_emailconfirmation; Type: TABLE DATA; Schema: public; Owner: postgres
--

COPY public.account_emailconfirmation (id, created, sent, key, email_address_id) FROM stdin;
\.


--
-- Data for Name: auth_group; Type: TABLE DATA; Schema: public; Owner: postgres
--

COPY public.auth_group (id, name) FROM stdin;
\.


--
-- Data for Name: auth_group_permissions; Type: TABLE DATA; Schema: public; Owner: postgres
--

COPY public.auth_group_permissions (id, group_id, permission_id) FROM stdin;
\.


--
-- Data for Name: auth_permission; Type: TABLE DATA; Schema: public; Owner: postgres
--

COPY public.auth_permission (id, name, content_type_id, codename) FROM stdin;
1	Can add log entry	1	add_logentry
2	Can change log entry	1	change_logentry
3	Can delete log entry	1	delete_logentry
4	Can view log entry	1	view_logentry
5	Can add permission	2	add_permission
6	Can change permission	2	change_permission
7	Can delete permission	2	delete_permission
8	Can view permission	2	view_permission
9	Can add group	3	add_group
10	Can change group	3	change_group
11	Can delete group	3	delete_group
12	Can view group	3	view_group
13	Can add user	4	add_user
14	Can change user	4	change_user
15	Can delete user	4	delete_user
16	Can view user	4	view_user
17	Can add content type	5	add_contenttype
18	Can change content type	5	change_contenttype
19	Can delete content type	5	delete_contenttype
20	Can view content type	5	view_contenttype
21	Can add session	6	add_session
22	Can change session	6	change_session
23	Can delete session	6	delete_session
24	Can view session	6	view_session
25	Can add site	7	add_site
26	Can change site	7	change_site
27	Can delete site	7	delete_site
28	Can view site	7	view_site
29	Can add profile	8	add_profile
30	Can change profile	8	change_profile
31	Can delete profile	8	delete_profile
32	Can view profile	8	view_profile
33	Can add send email	9	add_sendemail
34	Can change send email	9	change_sendemail
35	Can delete send email	9	delete_sendemail
36	Can view send email	9	view_sendemail
37	Can add site	10	add_site
38	Can change site	10	change_site
39	Can delete site	10	delete_site
40	Can view site	10	view_site
41	Can add withdraw	11	add_withdraw
42	Can change withdraw	11	change_withdraw
43	Can delete withdraw	11	delete_withdraw
44	Can view withdraw	11	view_withdraw
45	Can add transaction	12	add_transaction
46	Can change transaction	12	change_transaction
47	Can delete transaction	12	delete_transaction
48	Can view transaction	12	view_transaction
49	Can add notification	13	add_notification
50	Can change notification	13	change_notification
51	Can delete notification	13	delete_notification
52	Can view notification	13	view_notification
53	Can add kyc	14	add_kyc
54	Can change kyc	14	change_kyc
55	Can delete kyc	14	delete_kyc
56	Can view kyc	14	view_kyc
57	Can add deposit	15	add_deposit
58	Can change deposit	15	change_deposit
59	Can delete deposit	15	delete_deposit
60	Can view deposit	15	view_deposit
61	Can add wallet address	16	add_walletaddress
62	Can change wallet address	16	change_walletaddress
63	Can delete wallet address	16	delete_walletaddress
64	Can view wallet address	16	view_walletaddress
65	Can add email address	17	add_emailaddress
66	Can change email address	17	change_emailaddress
67	Can delete email address	17	delete_emailaddress
68	Can view email address	17	view_emailaddress
69	Can add email confirmation	18	add_emailconfirmation
70	Can change email confirmation	18	change_emailconfirmation
71	Can delete email confirmation	18	delete_emailconfirmation
72	Can view email confirmation	18	view_emailconfirmation
73	Can add social account	19	add_socialaccount
74	Can change social account	19	change_socialaccount
75	Can delete social account	19	delete_socialaccount
76	Can view social account	19	view_socialaccount
77	Can add social application	20	add_socialapp
78	Can change social application	20	change_socialapp
79	Can delete social application	20	delete_socialapp
80	Can view social application	20	view_socialapp
81	Can add social application token	21	add_socialtoken
82	Can change social application token	21	change_socialtoken
83	Can delete social application token	21	delete_socialtoken
84	Can view social application token	21	view_socialtoken
85	Can add support	22	add_support
86	Can change support	22	change_support
87	Can delete support	22	delete_support
88	Can view support	22	view_support
89	Can add card details	23	add_carddetails
90	Can change card details	23	change_carddetails
91	Can delete card details	23	delete_carddetails
92	Can view card details	23	view_carddetails
\.


--
-- Data for Name: auth_user; Type: TABLE DATA; Schema: public; Owner: postgres
--

COPY public.auth_user (id, password, last_login, is_superuser, username, first_name, last_name, email, is_staff, is_active, date_joined) FROM stdin;
19	pbkdf2_sha256$390000$9MTKYx8e0sMzNlOV4rkUvz$fJm31hA2aPaA9x82WAAidmYpBfk2vrzz0BY3QKXmzGU=	2023-02-23 11:16:39.504044+00	f	Angelo			angelocalisto51@gmail.com	f	t	2023-02-23 11:16:38.157017+00
41	pbkdf2_sha256$390000$eYj1BQGTxhVRSzgKcuXabG$eVXppfYGbxoJvQzFWBv5Y7WZoKRBwfYIStWIecPUW78=	2023-05-02 02:03:33.605176+00	f	test365			ani.peterben@icloud.com	f	t	2023-05-02 02:03:30.132497+00
25	pbkdf2_sha256$390000$umrxw7xW53gSaF19xtHy9o$6l3xeEqM+WbOWd0OqWGnw/qnV1iSPUlhHS+DF1YOdYo=	2023-05-02 15:45:12.334799+00	t	testadmin			test@test.com	t	t	2023-03-31 15:03:48.570337+00
20	pbkdf2_sha256$390000$b42BUHXRkHeRm3oyHHOlFJ$KdYQ5Reu6JjlOJqKP+ZztfAbOWw//1dFFB82LNObyXo=	2023-02-24 07:18:16.682739+00	f	john			Realestatewithjohnbrown@gmail.com	f	t	2023-02-24 07:11:35.778944+00
21	pbkdf2_sha256$390000$8bFUbaL09TGeGQ7vsb82wo$UwCIeP5SYVR2LhkKbtfZIwrIPV+/3nBmeTsOadxBc6Y=	2023-03-03 17:47:47.054634+00	f	Katie			realtywithkatietoomey@gmail.com	f	t	2023-03-03 17:47:45.621867+00
31	pbkdf2_sha256$390000$z7aDdEdXzchSujSqbUQFjH$PqfyohuNUYyjtlf/wDA4nGj1D89dGy+Vm+eFIE99fZ4=	2023-04-10 22:08:02.679192+00	f	45johnson			johnsonent@hotmail.com	f	t	2023-04-04 16:33:42.82485+00
23	pbkdf2_sha256$390000$eX3mLxZzsZl3LReSBH0t9j$w35p0FE4ALQ/5CNcoSx8NtgwA1IYJ9msc5ACBPAfXLk=	2023-04-01 17:25:01.787639+00	f	Damini			daminijiggy@gmail.com	f	t	2023-03-18 15:20:40.51317+00
16	pbkdf2_sha256$390000$oZG72Y4MAgTB9F6EOHUWl1$JWzTg3vRihWLn0Cwb6YRAOia1z1gb3ts9MZuofYVLuQ=	2023-02-23 01:28:29.759235+00	f	daniel			danielnwoke3@gmail.com	f	t	2023-02-23 01:28:28.360339+00
30	pbkdf2_sha256$390000$NB4VahYtJuz9wTaW4ENZ8E$v1XoHg83jtb9dVkf10sr98elJM9AsmkS30/cJ8TpzDs=	2023-04-01 22:43:01.631185+00	f	Chris			chris11realproperties@gmail.com	f	t	2023-04-01 22:42:59.629331+00
33	pbkdf2_sha256$390000$ttk1PjP9AU77OAWpGMaPIp$7dI4m/+LUCpmbb5ylbnqrJkteDXkNtvkmGp1f1b8urA=	2023-04-15 05:32:23.976312+00	f	Andrea.F			fekete.andrea@gmail.com	f	t	2023-04-14 21:26:03.14938+00
42	pbkdf2_sha256$390000$zPavUOTVFpfTmHvlYnpNkw$l4zVSSOhkH29ZdM33b6I+QmH/bVm0ekOsql8n4HqoRc=	2023-05-02 15:57:04.931786+00	f	damini1			allisonshawn817@yahoo.com	f	t	2023-05-02 15:52:18.023513+00
17	pbkdf2_sha256$390000$lruGRxbQd10lLsSkwOnxwv$A0qstKB0HzxE2q5udHS9QHJZso0S+PeESZWyclu68XU=	2023-05-02 15:57:57.532374+00	t	westendadmin			support@westendtitles.com	t	t	2023-02-23 09:14:24.555974+00
24	pbkdf2_sha256$390000$iE2tiEk737QnwefmlmVoCz$6c9dBvuOIMCCBdm094+KYciZJB0WveT5oZCwkW+dnFo=	2023-03-19 21:57:48.891474+00	f	Benvvv			benfinn58@gmal.com	f	t	2023-03-19 21:57:47.695385+00
29	pbkdf2_sha256$390000$AhNaESpMuMj89STuLl9x1B$3HJcGrpsnOE913hvlJJA1J99SXyqH4t+a4+Z0KDcVRA=	2023-04-04 15:05:15.863435+00	f	gopinadh.potlapalli@gmail.com			gopinadh.potlapalli@gmail.com	f	t	2023-04-01 17:09:10.543271+00
22	pbkdf2_sha256$390000$cJyWHm3u9IlDP4KDqzpQNm$JoARqIgO6jzoldIFBhU21Q9rJRfajnszNn7gHJbE+t0=	2023-04-27 01:35:44.792956+00	f	carruthV225			VSMCL@yahoo.com	f	t	2023-03-03 18:25:04.49359+00
43	pbkdf2_sha256$390000$u1a1Cpmb6rKhutyR1h88wB$zF3YwAam0VX+EkNkve9gNNE1vP6Z5nbU1VD20beUY5Q=	2023-05-11 21:08:44.579651+00	f	AAPUSA			americanatlanticproducts@gmail.com	f	t	2023-05-04 11:46:20.366043+00
37	pbkdf2_sha256$390000$k6q8pK8cteA4c6EngNWpMq$pAtthW9FyLRQw/JHYXTbdD+r3tKc92R3XZStcEeXzbY=	2023-05-05 17:22:54.150599+00	f	sabita13			dipduk25@gmail.com	f	t	2023-04-27 19:37:00.499939+00
44	pbkdf2_sha256$390000$aKtyrp2WTpqqqkklbZWGIU$dDTPu4cCVCKN9bhDGQNBFi+36Ia1hzEvsJ6PoNHBqh4=	2023-05-15 11:01:57.381485+00	f	test222			rempprandy@gmail.com	f	t	2023-05-15 11:01:55.136189+00
32	pbkdf2_sha256$390000$1Or1HRovSGrmjsv6IlVcXR$QO+YoLffSAxdGFdO9aVtoPcrP4+ONClHxxt1j1cbnsA=	2023-05-16 03:33:58.818257+00	f	r4tch			ratchaphonmaneenet@gmail.com	f	t	2023-04-06 00:33:30.548628+00
39	pbkdf2_sha256$390000$7n9q1NoETmacancb9U9C8U$FRpScDZ2bJtfvh3LDANpQlBw+UyVbLmPwxM/o1Bo7M8=	2023-05-02 01:29:16.672629+00	f	vinhphuckd266@gmail.com			vinhphuckd266@gmail.com	f	t	2023-05-02 01:29:14.457395+00
38	pbkdf2_sha256$390000$oDdKNMPbo8qWQRIEiPY61N$y4XYnSe5wPBzNlNl+Gk8lfxGXLUpXo32po3MbZp15oE=	2023-05-16 18:12:12.469453+00	f	douglasgf77@			douglasgf77@gmail.com	f	t	2023-04-28 08:28:17.413489+00
\.


--
-- Data for Name: auth_user_groups; Type: TABLE DATA; Schema: public; Owner: postgres
--

COPY public.auth_user_groups (id, user_id, group_id) FROM stdin;
\.


--
-- Data for Name: auth_user_user_permissions; Type: TABLE DATA; Schema: public; Owner: postgres
--

COPY public.auth_user_user_permissions (id, user_id, permission_id) FROM stdin;
\.


--
-- Data for Name: django_admin_log; Type: TABLE DATA; Schema: public; Owner: postgres
--

COPY public.django_admin_log (id, action_time, object_id, object_repr, action_flag, change_message, content_type_id, user_id) FROM stdin;
37	2023-02-24 07:06:54.26183+00	10	daniel - We are yet to hear from you about your escrow deposited.	1	[{"added": {}}]	13	17
38	2023-02-24 07:33:29.188053+00	3	John has submitted documents for kyc	2	[{"changed": {"fields": ["Address", "Verified"]}}]	14	17
39	2023-02-24 07:34:28.37425+00	11	john - We are yet to hear from you about your escrow deposit.	1	[{"added": {}}]	13	17
40	2023-02-24 07:34:29.517037+00	12	john - We are yet to hear from you about your escrow deposit.	1	[{"added": {}}]	13	17
41	2023-03-03 18:04:22.940345+00	1	Westend Titles	2	[{"changed": {"fields": ["Phone number"]}}]	10	17
42	2023-03-03 18:11:04.949505+00	1	Westend Titles	2	[{"changed": {"fields": ["Phone number"]}}]	10	17
43	2023-03-03 19:19:12.520098+00	4	Victoria has submitted documents for kyc	2	[{"changed": {"fields": ["Country", "Last name"]}}]	14	17
44	2023-03-03 19:23:50.401062+00	5	Name has submitted documents for kyc	2	[{"changed": {"fields": ["Country"]}}]	14	17
45	2023-03-03 23:05:47.790359+00	4	victoria has submitted documents for kyc	2	[{"changed": {"fields": ["Country", "Verified"]}}]	14	17
46	2023-03-04 16:52:28.912812+00	5	Katie has deposited this 1000000.00-True	1	[{"added": {}}]	15	17
47	2023-03-04 16:55:40.441936+00	6	Katie has deposited this 50000.00-True	1	[{"added": {}}]	15	17
48	2023-03-04 16:57:07.960981+00	7	carruthV225 has deposited this 1000000.00-True	1	[{"added": {}}]	15	17
51	2023-03-05 22:45:30.219333+00	6	testuser1	3		8	17
52	2023-03-18 15:39:58.06981+00	8	Damini has deposited this 1000000-True	1	[{"added": {}}]	15	17
53	2023-03-18 15:40:43.474472+00	9	Damini has deposited this 1000000-True	1	[{"added": {}}]	15	17
54	2023-03-18 15:49:42.366845+00	10	carruthV225 has deposited this 1000000-True	1	[{"added": {}}]	15	17
55	2023-03-23 13:34:08.152984+00	1	Westend Titles	2	[{"changed": {"fields": ["Address", "Second address", "Phone number2", "Owned by"]}}]	10	17
56	2023-03-23 13:39:07.104188+00	1	Westend Titles	2	[{"changed": {"fields": ["Second address"]}}]	10	17
57	2023-04-02 23:25:24.744265+00	17	gopinadh.potlapalli@gmail.com	2	[{"changed": {"fields": ["Image"]}}]	8	17
58	2023-04-03 15:19:15.070957+00	6	GOPINADH has submitted documents for kyc	2	[{"changed": {"fields": ["Id type", "Proof address", "Verified"]}}]	14	17
59	2023-04-03 15:52:24.216793+00	25	gopinadh.potlapalli@gmail.com has deposited this 12170.00-True	1	[{"added": {}}]	15	17
60	2023-04-05 15:14:13.99365+00	27	45johnson has deposited this 50000-True	1	[{"added": {}}]	15	17
61	2023-04-05 18:49:41.695618+00	5	Name has submitted documents for kyc	2	[]	14	17
62	2023-04-05 18:49:51.357841+00	5	Name has submitted documents for kyc	2	[]	14	17
63	2023-04-06 04:55:02.015916+00	9	Ratchaphon has submitted documents for kyc	2	[{"changed": {"fields": ["Address", "Proof address"]}}]	14	25
64	2023-04-06 16:28:15.484223+00	42	r4tch has deposited this 3000000.00-True	1	[{"added": {}}]	15	17
65	2023-04-06 16:29:17.726343+00	9	Ratchaphon has submitted documents for kyc	2	[{"changed": {"fields": ["Verified"]}}]	14	17
66	2023-04-06 18:11:09.332101+00	43	Katie has deposited this 3000000.00-True	1	[{"added": {}}]	15	17
67	2023-04-06 18:22:11.483981+00	45	westendadmin has deposited this 3000000.00-True	1	[{"added": {}}]	15	17
68	2023-04-06 18:25:14.522152+00	15	westendadmin	2	[{"changed": {"fields": ["Available balance"]}}]	8	17
69	2023-04-06 18:28:56.114689+00	46	westendadmin has deposited this 3000000.00-True	1	[{"added": {}}]	15	17
70	2023-04-06 20:00:58.850221+00	20	r4tch	2	[{"changed": {"fields": ["Available balance"]}}]	8	17
71	2023-04-06 20:04:02.058996+00	47	r4tch has deposited this 3000000.00-True	1	[{"added": {}}]	15	17
72	2023-04-09 16:57:19.339155+00	64	r4tch - Your payment to westend third party coinbase wallet for your initial mortgage deposit to branlink Limited wasn't successful, retry the payment and choose any crypto method of your choice, do c	1	[{"added": {}}]	13	17
73	2023-04-09 16:58:18.834933+00	53	r4tch has deposited this 3000.00000-False	3		15	17
74	2023-04-09 16:58:18.837801+00	52	r4tch has deposited this 3000.00000-False	3		15	17
75	2023-04-09 17:12:11.811217+00	63	r4tch - You have deposited $3000  into Branlink Coinbase Third Party wallet	3		13	17
76	2023-04-09 17:12:11.814891+00	62	r4tch - You have deposited $3000  into Branlink Coinbase Third Party wallet	3		13	17
77	2023-04-10 21:09:41.523454+00	31	45johnson	2	[{"changed": {"fields": ["password"]}}]	4	25
78	2023-04-10 21:19:44.494195+00	3	johnsonent@hotmail.com	1	[{"added": {}}]	9	25
79	2023-04-24 17:31:25.493176+00	17	westendadmin	2	[{"changed": {"fields": ["password"]}}]	4	25
80	2023-04-24 17:32:29.437228+00	26	ben	3		4	25
81	2023-04-24 17:32:29.441151+00	18	test	3		4	25
82	2023-04-24 17:32:29.444717+00	35	test-email	3		4	25
83	2023-04-24 17:32:29.447703+00	36	test1234	3		4	25
84	2023-04-24 17:32:29.451044+00	28	test222	3		4	25
85	2023-04-24 17:32:29.454056+00	15	testuser1	3		4	25
86	2023-04-24 17:32:29.456852+00	27	vortex	3		4	25
87	2023-04-24 17:33:10.493901+00	34	email	3		4	25
88	2023-04-24 17:33:54.012542+00	54	r4tch has deposited this 500.00000-True	2	[{"changed": {"fields": ["Verified"]}}]	15	25
89	2023-04-24 18:36:50.678915+00	17	westendadmin	2	[{"changed": {"fields": ["password"]}}]	4	25
90	2023-04-24 18:38:41.261144+00	20	r4tch	2	[{"changed": {"fields": ["Available balance"]}}]	8	25
91	2023-04-28 01:59:52.052059+00	17	westendadmin	2	[{"changed": {"fields": ["password"]}}]	4	25
92	2023-04-28 03:00:57.98576+00	4	realtywithkatietoomey@gmail.com	1	[{"added": {}}]	9	25
93	2023-04-28 06:29:54.003007+00	5	benjaminparish6@gmail.com	1	[{"added": {}}]	9	25
94	2023-04-28 06:32:57.623767+00	6	ani.peterben@icloud.com	1	[{"added": {}}]	9	25
95	2023-04-28 06:36:49.852182+00	7	benjaminparish6@gmail.com	1	[{"added": {}}]	9	25
96	2023-04-28 15:58:29.976768+00	10	Dipnarine has submitted documents for kyc	2	[{"changed": {"fields": ["Verified"]}}]	14	25
97	2023-04-29 15:03:05.223299+00	55	sabita13 has deposited this 320000-True	1	[{"added": {}}]	15	25
98	2023-05-01 00:15:02.595191+00	11	Douglas has submitted documents for kyc	1	[{"added": {}}]	14	25
99	2023-05-01 23:45:04.326353+00	11	Douglas has submitted documents for kyc	2	[]	14	17
100	2023-05-02 01:59:13.941299+00	40	test365	1	[{"added": {}}]	4	25
101	2023-05-02 02:02:39.047944+00	40	test365	3		4	25
102	2023-05-02 02:06:15.729768+00	60	test365 has deposited this 10000-False	1	[{"added": {}}]	15	25
103	2023-05-02 02:06:59.28117+00	60	test365 has deposited this 10000.00000-False	3		15	25
104	2023-05-02 14:23:41.623443+00	59	sabita13 has deposited this 200.00000-True	2	[{"changed": {"fields": ["Verified"]}}]	15	17
105	2023-05-02 15:47:50.030991+00	61	douglasgf77@ has deposited this 75000-True	1	[{"added": {}}]	15	17
106	2023-05-02 15:48:59.858109+00	62	westendadmin has deposited this 75000-True	1	[{"added": {}}]	15	17
107	2023-05-02 15:55:04.215832+00	12	Damini has submitted documents for kyc	1	[{"added": {}}]	14	17
108	2023-05-02 15:58:26.17302+00	63	damini1 has deposited this 75000-True	1	[{"added": {}}]	15	17
109	2023-05-08 21:38:16.002165+00	13	Micah has submitted documents for kyc	2	[{"changed": {"fields": ["Verified"]}}]	14	17
110	2023-05-08 21:39:24.289908+00	65	AAPUSA has deposited this 25000-True	1	[{"added": {}}]	15	17
\.


--
-- Data for Name: django_content_type; Type: TABLE DATA; Schema: public; Owner: postgres
--

COPY public.django_content_type (id, app_label, model) FROM stdin;
1	admin	logentry
2	auth	permission
3	auth	group
4	auth	user
5	contenttypes	contenttype
6	sessions	session
7	sites	site
8	user	profile
9	user	sendemail
10	user	site
11	user	withdraw
12	user	transaction
13	user	notification
14	user	kyc
15	user	deposit
16	user	walletaddress
17	account	emailaddress
18	account	emailconfirmation
19	socialaccount	socialaccount
20	socialaccount	socialapp
21	socialaccount	socialtoken
22	user	support
23	user	carddetails
\.


--
-- Data for Name: django_migrations; Type: TABLE DATA; Schema: public; Owner: postgres
--

COPY public.django_migrations (id, app, name, applied) FROM stdin;
1	contenttypes	0001_initial	2023-02-19 23:17:41.300642+00
2	auth	0001_initial	2023-02-19 23:18:11.094529+00
3	account	0001_initial	2023-02-19 23:18:25.809866+00
4	account	0002_email_max_length	2023-02-19 23:18:31.338816+00
5	admin	0001_initial	2023-02-19 23:18:45.341+00
6	admin	0002_logentry_remove_auto_add	2023-02-19 23:18:47.018862+00
7	admin	0003_logentry_add_action_flag_choices	2023-02-19 23:18:50.702353+00
8	contenttypes	0002_remove_content_type_name	2023-02-19 23:19:00.390672+00
9	auth	0002_alter_permission_name_max_length	2023-02-19 23:19:12.619472+00
10	auth	0003_alter_user_email_max_length	2023-02-19 23:19:37.798223+00
11	auth	0004_alter_user_username_opts	2023-02-19 23:20:07.497133+00
12	auth	0005_alter_user_last_login_null	2023-02-19 23:20:20.283178+00
13	auth	0006_require_contenttypes_0002	2023-02-19 23:20:36.024675+00
14	auth	0007_alter_validators_add_error_messages	2023-02-19 23:20:52.104173+00
15	auth	0008_alter_user_username_max_length	2023-02-19 23:21:04.529823+00
16	auth	0009_alter_user_last_name_max_length	2023-02-19 23:21:26.094723+00
17	auth	0010_alter_group_name_max_length	2023-02-19 23:21:58.322623+00
18	auth	0011_update_proxy_permissions	2023-02-19 23:22:08.86688+00
19	auth	0012_alter_user_first_name_max_length	2023-02-19 23:22:16.638545+00
20	sessions	0001_initial	2023-02-19 23:22:23.375207+00
21	sites	0001_initial	2023-02-19 23:22:27.505033+00
22	sites	0002_alter_domain_unique	2023-02-19 23:22:35.625152+00
23	socialaccount	0001_initial	2023-02-19 23:23:01.853634+00
24	socialaccount	0002_token_max_lengths	2023-02-19 23:23:08.73601+00
25	socialaccount	0003_extra_data_default_dict	2023-02-19 23:23:11.763711+00
26	user	0001_initial	2023-02-19 23:23:37.154453+00
27	user	0002_walletaddress	2023-02-19 23:23:40.818787+00
28	user	0003_plantype_referral_investmentplan	2023-02-19 23:23:56.008413+00
29	user	0004_remove_referral_profile_delete_investmentplan_and_more	2023-02-19 23:24:12.188757+00
30	user	0005_support	2023-02-22 23:20:28.765646+00
31	user	0006_alter_site_logo	2023-02-23 00:00:38.091773+00
32	user	0007_rename_live_profit_profile_amount_withdrawn	2023-02-23 09:15:16.767832+00
33	user	0008_carddetails	2023-03-31 17:31:01.52401+00
34	user	0008_alter_profile_image	2023-04-05 19:37:05.454834+00
35	user	0009_merge_0008_alter_profile_image_0008_carddetails	2023-04-28 06:26:04.546773+00
36	user	0010_deposit_fees_deposit_link	2023-05-02 01:55:45.945399+00
\.


--
-- Data for Name: django_session; Type: TABLE DATA; Schema: public; Owner: postgres
--

COPY public.django_session (session_key, session_data, expire_date) FROM stdin;
qm5nd2sctocgejwy3h87n4jv7ipm7xvc	.eJxVjU0OwiAQhe_C2jQMQ4t0pxchU5imxIaaQhON8e5S04Uu39_3XsLRVia3ZV5dDKIXYMTp1xzI3zjtCc3zbjfk_bKl0nw7R5ybS1WcSvRU4pKux-oPNVGeKkcr0EhGWwCrySMoHwbGM2kcMVjVBtVyoBEUYmA0nrtWMulOamMIYIdmzrneOH7c4_oUPShpOynfH1xYRHA:1pdY7U:1fMgQH-74zcBzDtH2Ks1pycjqRHTFEemGbwvx3FzO7Q	2023-04-01 15:05:20.30082+00
1teykphjcxbk8epwxmaxrevyw1jydtpi	.eJxVjU0OwiAQhe_C2jQMQ4t0pxchU5imxIaaQhON8e5S04Uu39_3XsLRVia3ZV5dDKIXYMTp1xzI3zjtCc3zbjfk_bKl0nw7R5ybS1WcSvRU4pKux-oPNVGeKkcr0EhGWwCrySMoHwbGM2kcMVjVBtVyoBEUYmA0nrtWMulOamMIYIdmzrneOH7c4_oUPShpOynfH1xYRHA:1pdY7X:bCM7JN_g-cVEocXEf6INPfXj5wo28UMOoP5W3SPdhzA	2023-04-01 15:05:23.368582+00
cw8fbowko8wag2j2pe08687elujorsbw	.eJxVjU0OgjAQhe_StSFMp1BhpxdphukQGkkxtCQa490thoUu39_3XsrRlie3JVld8KpXYNXp1xyIbxL3hOZ5tytiXraYq2_niFN1KUpiDkw5LPF6rP5QE6WpcIwGg2RNB9AZYgTNfhA8k8ERfacbrxvxNIJG9IKWpW1qIdPWxloC2KFJUio3Th73sD5VX78_xklDPg:1pdY83:9fYEncYPcmGBkYyApvO8GVdkmXivHg6f9Id-jzhNZLg	2023-04-01 15:05:55.516159+00
4ps3sji4eeiqmp7hs80aennqpaixc59h	.eJxVjU0OgjAQhe_StSFMp1BhpxdphukQGkkxtCQa490thoUu39_3XsrRlie3JVld8KpXYNXp1xyIbxL3hOZ5tytiXraYq2_niFN1KUpiDkw5LPF6rP5QE6WpcIwGg2RNB9AZYgTNfhA8k8ERfacbrxvxNIJG9IKWpW1qIdPWxloC2KFJUio3Th73sD5VX78_xklDPg:1pdY8n:H0Mbm9E8tAI5ctyIZcrKv02qElT65etiJgq0lQGoLxg	2023-04-01 15:06:41.389494+00
lq1ulyzs7tnkfudn4w09xlq9ly1v2xu9	.eJxVjU0OgjAQhe_StSFMp1BhpxdphukQGkkxtCQa490thoUu39_3XsrRlie3JVld8KpXYNXp1xyIbxL3hOZ5tytiXraYq2_niFN1KUpiDkw5LPF6rP5QE6WpcIwGg2RNB9AZYgTNfhA8k8ERfacbrxvxNIJG9IKWpW1qIdPWxloC2KFJUio3Th73sD5VX78_xklDPg:1pdY8o:56NMTexMfPY7bCNFj08nVPkgRgVqpMomkZssPIv4G4k	2023-04-01 15:06:42.769048+00
9vb4jw7s0ghvwvxgx7se7rri7mvqnczg	.eJxVjMEOwiAQRP-FsyG7BQE9eu83kAW2UjWQlPZk_HdL0oPObebNzFt42tbst8aLn5O4ChSn3yxQfHLpID2o3KuMtazLHGSvyIM2OdbEr9vR_TvI1PK-JhWMs2YaMLBO3QAFIK0UorNqcsSaHERkPkckDcOuZN0FwBjjSHy-2Ro3Jw:1pTvkH:IXRIgvSom4g39AgOdzGflg7j4Nl7dfyXUsHLjP8wiJU	2023-03-06 02:17:37.210082+00
y5k427nlxfdoziuwwy9uuw02zpl7lq2m	.eJxVjMsOwiAQRf-FtSE8Smu7dO83kIEZBDVgoE00xn-3TbrQ7T3nnjezsMzRLo2qTcgmpjQ7_I4O_I3yRvAK-VK4L3muyfFN4Ttt_FyQ7qfd_QtEaHF9gwSjO4VketFJGVRwUoAhCqDGFXoyuheSPArswYxOBhjCAIrCEZ3yW7RRa6lkS89Hqi82ic8X3ExAag:1pdYWF:gnNc68ozG1S7aXD8RmKaSCcnP1ZYzAlLa_O2GfoV-4Y	2023-04-01 15:30:55.917335+00
36byl0opmsb320k3n4zbn2hnpbg735ha	.eJxVjEEOwiAURO_C2pBPQYpduvcM5AO_FjXQQJtojHe3JF3o7GbezLyZxXWZ7Fqp2BjYwAQ7_GYO_Z1SA-GG6Zq5z2kp0fFW4Tut_JIDPc579-9gwjpta5ROm16PnXCkQjOADlBJKYTp5WiQFBrwgujoBSroNoXenAC01gbbaaVaY06WnnMsLzbA5wtyfD5k:1pTwNX:n7FgDznkha_utWRvdwiCEV4PY7Vn1eXmjUrFFBCdhHo	2023-03-06 02:58:11.193424+00
uenzsf976dmgoq7b3wt9wk5ns0ppumzf	.eJxVjEEOwiAURO_C2pBPQYpduvcM5AO_FjXQQJtojHe3JF3o7GbezLyZxXWZ7Fqp2BjYwAQ7_GYO_Z1SA-GG6Zq5z2kp0fFW4Tut_JIDPc579-9gwjpta5ROm16PnXCkQjOADlBJKYTp5WiQFBrwgujoBSroNoXenAC01gbbaaVaY06WnnMsLzbA5wtyfD5k:1pU6P9:DvjNgsPISsW--UjCFyxj42V8JAq-I2H6HhjwIHwgrMY	2023-03-06 13:40:31.620752+00
wru9nonysei8zkr1czontf8akct6e40o	.eJxVjM0OgyAQBt-FszEIyI-39kXIsqyRlGJSsZem7141ponHnfl2PgwQ57VU_6ZXGhNFT09ImQ1lzbn523WhFxsYsoZ5WOt0AJ_ixjpxhQHwQWU3kPOO2zPSHptTL-1tu6jUhFDTXO7n1yU1wTJtHW4dqRiUFCRHg0pLBaHvOYERRvGImutRWScE762M6DA41NIKw0NnY8e-P0N8TXs:1pU9cJ:eJdRMx6zoT6yiNdQ6tHienjQqOV0j_cSCGoEUxCIJf8	2023-03-06 17:06:19.332855+00
kswx3mk5shr9gwg2etqt3np2brzr55rl	.eJxVjMsOwiAQRf-FtSE8KjO4dN9vIANMpWogKe3K-O_apAvd3nPOfYlA21rC1nkJcxYXocXpd4uUHlx3kO9Ub02mVtdljnJX5EG7HFvm5_Vw_w4K9fKtI8akgKw5k_WIChWj0zwonZltBkMQB9AWkRR460CbxD65KXIaJsji_QHNsDer:1pUVZt:NRLChisY4q6n5V3Syvfxh5ff_Oe_HlLVMpUFDAhW7R8	2023-03-07 16:33:17.496941+00
x1b4mal1i5rz74o8kqt5qqjbyazi331z	.eJxVjMsOwiAQRf-FtSHAFOi4dO83kOExUjU0Ke3K-O_apAvd3nPOfYlA21rD1ssSpizOQovT7xYpPUrbQb5Tu80yzW1dpih3RR60y-ucy_NyuH8HlXr91jAm9JQYnM8cCcFgRFeSAgQ7FKXBsVUZ0HgTs0NWbD2pMmjNyDCK9wffxTeI:1pUyhD:WudyaNM4xdW-MY01OFJmIWl6-BHjz4tLySQgSpto5oA	2023-03-08 23:38:47.689948+00
y9delg7nqo0f46hxwdgr3178o48r9z5e	.eJxVjEEOgyAQRe8ya2MAEdBdexEyhSGSUkwUuml696oxTVzOe3_eB9C5ueZi37TEEMlbemFMMOaaUvO3daUFRojQgMVapgPY6DfGzRU-0D0p7wZT2nF7Rtpjc-q1vW0X5RIdljjn-_l1SU24TluHOiYNGaOV9FoEY8iTD1xzLZzQzHnlZS9JDFwikQ4hcMVJsYGxXnVBwfcHWx5OAQ:1pV8LD:wClARs0YIRI8EZc6UWGuzuhafqn6Qdtk9S_dPwW3xLU	2023-03-09 09:56:43.15336+00
c2mjzgbb7egp8cvwh4hopycmkv565fxh	.eJxVjEEKgzAQRe-StYgaNcZde5EwTr6YNo2gSTeld6-KFFzOe3_eRxDznEI0byxudLAGL3Je9CF5n_1tWrGIXjxEJgylOB3AOLuxUl_hQPxE2A15v-P8jOTH5tRrftsuhOiYopvD_fy6pCZap60DkEJhO6k6SZANdKVZd0BrSY8WJbgdVWGHukQtKwluICtmq9umqK0S3x-PhU9P:1pV9aZ:tqZvQY0iL5HGIVQSsJuUNjdz96oQ6vG89KxDad4vgAo	2023-03-09 11:16:39.510075+00
d9mz3e4cgqtkn7buop3dgxnc6x1vqktn	.eJxVjEEOwiAURO_C2hDgQ0u7dO8ZCJ_-WtRAA22iMd7dNulCN7OYefPezPl1mdxaqbg4sJ4pwU6_Jfpwp7Qvw82na-Yhp6VE5DvCj7XySx7ocT7YP8Hk67S9DVhpBWgA1aHRaMSom4AjKNu1Gv3YWaUkStliowxoiZoEYbOlh4DtLq1Ua8zJ0XOO5cV68fkCYV8-PA:1pVSFW:II2FSiK8Yt1OzWD_rQVAL23CcEhxjTUYTNOYdf4OK-k	2023-03-10 07:12:10.569748+00
39tsgpu2z858o2dgtz0mjj4z9fujnw4i	.eJxVjMEOgjAQRP-lZ9Ow3YWKN_mRZtkuKZGUxJaT8d8Fw0GP82bmvUzgraawFX2GOZqbAW8uv3BkeWg-Gl6WA1sWWbdc7Xdz1sXe96S5zsJ1XvNwvv5UiUvaPeSAkD31AD2xIDiJo-KVCSeMvWujazXyBA4xKnrRrm2UqWvIewYw7w_L3zwB:1pVSIY:rpZXr2cqHfl8OdpwZ8TwXalQE6nkInl6v2flzVcgLTc	2023-03-10 07:15:18.541225+00
lptlb4vapiuwigdujsmkhycqfr03d7oz	.eJxVjMEOgjAQRP-lZ9Ow3YWKN_mRZtkuKZGUxJaT8d8Fw0GP82bmvUzgraawFX2GOZqbAW8uv3BkeWg-Gl6WA1sWWbdc7Xdz1sXe96S5zsJ1XvNwvv5UiUvaPeSAkD31AD2xIDiJo-KVCSeMvWujazXyBA4xKnrRrm2UqWvIewYw7w_L3zwB:1pVSIZ:Pri1cluxtxgLF9HoIrC6LH_BX4tbaESncrtFoz0VkUo	2023-03-10 07:15:19.805174+00
dpo2p9iz4xvojyzlvmyzn03917jbg9w7	.eJxVjMEOgjAQRP-lZ9Ow3YWKN_mRZtkuKZGUxJaT8d8Fw0GP82bmvUzgraawFX2GOZqbAW8uv3BkeWg-Gl6WA1sWWbdc7Xdz1sXe96S5zsJ1XvNwvv5UiUvaPeSAkD31AD2xIDiJo-KVCSeMvWujazXyBA4xKnrRrm2UqWvIewYw7w_L3zwB:1pVSIa:pn1PWUHPIN2OITeBmKq8swl038ggIqB4uEFk_k3zvI4	2023-03-10 07:15:20.594963+00
i27syc6ednded6jqxt3c17mj4esyoefa	.eJxVjEEOwiAURO_C2hDgAwWX7j0D4dNfixowpU00xrvbJl3oZhYzb96bhbjMY1gaTSH37MiUYIffEmO6UdmW_hrLpfJUyzxl5BvC97Xxc-3pftrZP8EY27i-DTjpBGgA5dFoNGLQNuEAyvlOYxy8U0qilB1aZUBL1CQI7ZoREnabtFFruZZAz0eeXuwolfBWiM8X2VM_bg:1pVSLQ:nL1k8HbHYavE_GIKssK3Z_tLjFnRUn09P-bdSeNPjwM	2023-03-10 07:18:16.687644+00
1rbxz37vdf7nzc3n69dkqz0rkykn48xy	.eJxVjM0OgyAQBt-FszGAyI-39kXIAkskpZhU6KXpu1eNaeJxZ76dDwHvl1aqfeMrxYTB4hNSJlNpOXd_21Z8kYlk0hELrc4HsClsjLMrdOAfWHYDOe-4PyP9sTn12t-2C0tNHmpayv38uqRmWOeto6NnklMzcjcEIZnmQ-TKO82MGkCOjArhqeTAAAxVYHRkSrkghQKKCOT7AzCJTXc:1pY9VT:D6Oep100LK552VezWj54yo9uJ1z2FYTriaoJK7aFhYU	2023-03-17 17:47:47.061482+00
dm3i3tf09nmbb3dgzee9anytdy2ljl29	.eJxVjU0OwiAQhe_C2jQMQ4t0pxchU5imxIaaQhON8e5S04Uu39_3XsLRVia3ZV5dDKIXYMTp1xzI3zjtCc3zbjfk_bKl0nw7R5ybS1WcSvRU4pKux-oPNVGeKkcr0EhGWwCrySMoHwbGM2kcMVjVBtVyoBEUYmA0nrtWMulOamMIYIdmzrneOH7c4_oUPShpOynfH1xYRHA:1pY9jD:ASpxPZdaAkrCF5EaGld-y6WRmnvEz2pAIuf1Xk-64qs	2023-03-17 18:01:59.589301+00
dgzcxqzz73ryklyey44bqrco2yd397ys	.eJxVjUEOgyAQRe_C2hhBkMFdexEywBhJERPFbprevWpME5f_vZn_Pwy9n7dc7JuWOEQKliaMifV5S6n6222lhfVsYhWzuJXxBDaGnQlxhw79i_JhMKUD11dJfd5ceq0fe6JcoscS5_y8vm5VI67jsdA6rTQobgQokKEDZ7iRwinNpcaOY-OpMUEDSDG4zrTEwbRukD4E8IZ9fyDXTU0:1pYA5Z:rPpxtNUAtsyjEjH00CE4VDLTcDyeuuzRreQsxDCOraI	2023-03-17 18:25:05.521707+00
6nit59tfuvexz3tnindilr1n7d263x9c	.eJxVjEEOwiAQAP_C2ZBCoSw9evcNBNitRQ00pU00xr8bkh70OjOZN3N-32a3V1pdQjYyKdnpFwYf75SbwZvP18JjyduaAm8JP2zll4L0OB_t32D2dW7fPhhtQAsrQYPCAYIVVsmgjVDGD8J3kTqLBkDJKQy2JwG2D5OKiBBtm1aqNZXs6Lmk9cXG7vMFXwA-Sg:1pYVya:dSjfqVKhme5PGHjKs9yVLOCLbezuY9tJu-I30jE8H_A	2023-03-18 17:47:20.141404+00
k9i0h1fbatf7vlg8hochrxovgn5dzuyp	.eJxVjEEOgjAQRe_StWmYzpSKS_ecoZl2BosaSCisjHdXEha6_e-9_zKRt7XEreoSRzEXA8GcfsfE-aHTTuTO0222eZ7WZUx2V-xBq-1n0ef1cP8OCtfyrckBIQfqADrijOCyJMUzEw4onfPivAoP4BBFMWRtfaNMbUMhMIB5fwDxvTeN:1pYx5x:JdmZht5Md4MClnEw4wF6ykjmZhkwJRjg_aK407rItQ8	2023-03-19 22:44:45.14636+00
1ek9ggfl5ivkm15f9xuyew86op1n93m9	.eJxVjEEOwiAQRe_C2hAGaBGX7j0DmYGpRQ2Y0iYa4921SRe6_e_99xIBl3kMS-Mp5CQOwmix-x0J45XLStIFy7nKWMs8ZZKrIjfa5Kkmvh039y8wYhu_7-jYx6QGMoMnBeBJQySV9mjBse6dBmM6N0CyPXinsIusrLeU0LsOzRpt3FquJfDjnqenOKj3B7NBPwU:1pkEWR:d2Dbi2xqwHgYnrK3ZuYGIHzAj0VD1jffQ9MAEGaJK7E	2023-04-20 01:34:43.837794+00
0yh8wmawyvjvomhk5oj0rjz657mvy9u2	.eJxVjU0OgjAQhe_StSFMp1BhpxdphukQGkkxtCQa490thoUu39_3XsrRlie3JVld8KpXYNXp1xyIbxL3hOZ5tytiXraYq2_niFN1KUpiDkw5LPF6rP5QE6WpcIwGg2RNB9AZYgTNfhA8k8ERfacbrxvxNIJG9IKWpW1qIdPWxloC2KFJUio3Th73sD5VX78_xklDPg:1pdYRK:0d4Ek91A_4dKhUrNOGDQ1ZOsELYsDvF3_KD7Ig-SaeM	2023-04-01 15:25:50.612704+00
g9z6bty7n502uma5me6uu81bu2bu3wkk	.eJxVjMsOwiAQRf-FtSG0lFeX7v0GwsyARQ2Y0iYa479rky50e8-558V8WJfJry3OPhMbWa_Y4XeEgNdYNkKXUM6VYy3LnIFvCt9p46dK8Xbc3b_AFNr0fQvr0FjSzojOKkMCCJQWWicyoYNISAI7O_RoQGspEzmJAZKVyaEaYIu22FquxcfHPc9PNor3B7c3P7Q:1pkI9C:0q7UNYLWE5_rEQl-TdKswf_zODkQ7LGXYS1-ccZuiTA	2023-04-20 05:26:58.930044+00
e20v5mdn44tyq6yw3ajk4j0rorfo89fj	.eJxVjEEOwiAQRe_C2pChBQpduvcMZNoZLGrAlDbRGO-uTbrQ7X_vv5cIuC5TWCvPIZHoRevE4XcccLxy3ghdMJ-LHEte5jTITZE7rfJUiG_H3f0LTFin75vJIaqouWVPviMfjTUwgkJHBqBrEDREFQ0N2jtt2VivoeXOtcoa5i1audZUcuDHPc1P0asGvAV4fwA3bUAp:1ptXkP:pBtPrD0SsTHxLz7OzWzcYuzvW70TYbpL-HYpb878GeA	2023-05-15 17:55:37.108532+00
cvcg57qkuthbp2b89oku0czr84ahfqyy	.eJxVjEEOwiAQRe_C2hAGaBGX7j0DmYGpRQ2Y0iYa4921SRe6_e_99xIBl3kMS-Mp5CQOwmix-x0J45XLStIFy7nKWMs8ZZKrIjfa5Kkmvh039y8wYhu_7-jYx6QGMoMnBeBJQySV9mjBse6dBmM6N0CyPXinsIusrLeU0LsOzRpt3FquJfDjnqenOKj3B7NBPwU:1pkNsP:UBO50TJNzXy1031feppHoZOhgayvKnVXzi5Y7Jtrq4k	2023-04-20 11:34:01.337481+00
036xvm80xzgp37lp1dw4ofixtd1njocs	.eJxVjEEOwiAQRe_C2hAGaBGX7j0DmYGpRQ2Y0iYa4921SRe6_e_99xIBl3kMS-Mp5CQOwmix-x0J45XLStIFy7nKWMs8ZZKrIjfa5Kkmvh039y8wYhu_7-jYx6QGMoMnBeBJQySV9mjBse6dBmM6N0CyPXinsIusrLeU0LsOzRpt3FquJfDjnqenOKj3B7NBPwU:1pl31S:v_WKJCB-FoP5e009O70UQh28-qXQAZ4mkkbPb4_71P8	2023-04-22 07:30:06.065068+00
tomq0pnp46520x2o50z0cn2iu0jl9cgb	.eJxVjEEOwiAQRe_C2hAGaBGX7j0DmYGpRQ2Y0iYa4921SRe6_e_99xIBl3kMS-Mp5CQOwmix-x0J45XLStIFy7nKWMs8ZZKrIjfa5Kkmvh039y8wYhu_7-jYx6QGMoMnBeBJQySV9mjBse6dBmM6N0CyPXinsIusrLeU0LsOzRpt3FquJfDjnqenOKj3B7NBPwU:1plSQg:gcKvaU_ox7Fx9u21_kNcLhlpyEn3z9T813ygY5AUgqo	2023-04-23 10:37:50.405805+00
05jck47h5i69exicpntxozss2s2yawzt	.eJxVjEEOwiAQRe_C2pChBQpduvcMZNoZLGrAlDbRGO-uTbrQ7X_vv5cIuC5TWCvPIZHoRevE4XcccLxy3ghdMJ-LHEte5jTITZE7rfJUiG_H3f0LTFin75vJIaqouWVPviMfjTUwgkJHBqBrEDREFQ0N2jtt2VivoeXOtcoa5i1audZUcuDHPc1P0asGvAV4fwA3bUAp:1ptdpF:5d5TTXK2PssevwYcJ1wQw_qOQVI-lALY32KkhJWRAdA	2023-05-16 00:25:01.44646+00
6vbbh9gus9kzw8litwj0wuhtbiyqle5k	.eJxVjEEOwiAQRe_C2hAGaBGX7j0DmYGpRQ2Y0iYa4921SRe6_e_99xIBl3kMS-Mp5CQOwmix-x0J45XLStIFy7nKWMs8ZZKrIjfa5Kkmvh039y8wYhu_7-jYx6QGMoMnBeBJQySV9mjBse6dBmM6N0CyPXinsIusrLeU0LsOzRpt3FquJfDjnqenOKj3B7NBPwU:1plSqT:nDRTY_C_zPfh6EJ0E-hWBtaYIlGENT1-ML6xfRnVwoI	2023-04-23 11:04:29.031381+00
vg2hag2q4iikaumtgo644buxpu3labo3	.eJxVjEEOwiAURO_C2pBCWyhduvcMhP_5WNRAU9pEY7y7JelCNzPJvJl5M-u2dbJbocVGz0bWCnb6DcHhnVIl_ubSNXPMaV0i8FrhBy38kj09zkf372ByZdrXOkhCrY2Q0JjGdBr7XSRWI4U0DAKccJ1USknyfWhBhdAFBEBUhuppoVJiTpaec1xebGw-X61qP7w:1plwTC:9m4Ketc_B8zwY1qlNeydzjMIJ7Fc-0MxfKYEeSIgjdM	2023-04-24 18:42:26.757102+00
vbqjdgana11chk57hx8wia3fe59x7uwh	.eJxVjMsOwiAUBf-FtSFAeXbp3m8gwL1Y1IApbaIx_rs26UK3Z-bMi_iwLpNfO86-ABnJwMnhd4whXbFuBC6hnhtNrS5ziXRT6E47PTXA23F3_wJT6NP3nS0YZ4PjGiRoySNyOzCjuNA5cSkQg0g6ZZOzs0ZFSAowGm0cYyoItUU79l5a9fi4l_lJRvb-ALPiP1k:1plzgA:n1TddF9Tq0OfqPE8CL5fNqRtKgUw-Bh-LpPK4etApOM	2023-04-24 22:08:02.685156+00
lnqrgfaqtqkvi17378ln6qa3d6f5j8z8	.eJxVjMsOwiAQRf-FtSEtrw5duvcbyACjRQ0YaBON8d9tky50e8-5580cLvPklkbVpchGJiU7_I4ew43yRuIV86XwUPJck-ebwnfa-KlEuh939y8wYZvWt15Vg4P2VsRBCzBaEqnQn6W00oICCghdP4Cx1ghUSiGAIAhB2g6E36KNWkslO3o-Un2xsft8AZCKPnU:1pnRIL:DzfORYYZtFZ-f4M0TrNJrzMSYmE1msL9wKX79Tm5QH4	2023-04-28 21:49:25.920709+00
q1qljw8p3mb75b6v9yxveyuh8esc4x2o	.eJxVjEEOwiAQRe_C2hAGaBGX7j0DmYGpRQ2Y0iYa4921SRe6_e_99xIBl3kMS-Mp5CQOwmix-x0J45XLStIFy7nKWMs8ZZKrIjfa5Kkmvh039y8wYhu_7-jYx6QGMoMnBeBJQySV9mjBse6dBmM6N0CyPXinsIusrLeU0LsOzRpt3FquJfDjnqenOKj3B7NBPwU:1ppTY9:LMe-8X1fwfZHWCxpUkUwDz1MYgSzORU6Vkk9ltCiutA	2023-05-04 12:38:09.172771+00
z735x7d00nsrh4f8t0wspiszwxmjnq5a	.eJxVjEEOwiAQAP_C2ZBCoSw9evcNBNitRQ00pU00xr8bkh70OjOZN3N-32a3V1pdQjYyKdnpFwYf75SbwZvP18JjyduaAm8JP2zll4L0OB_t32D2dW7fPhhtQAsrQYPCAYIVVsmgjVDGD8J3kTqLBkDJKQy2JwG2D5OKiBBtm1aqNZXs6Lmk9cXG7vMFXwA-Sg:1ppe0e:GqFr53mj92TNLTDy3ehE0UepSDyJE0FgKxYC4qMmofk	2023-05-04 23:48:16.103634+00
dm9okhppxnxmyjubo99aldw05upkn4de	.eJxVjEEOwiAQAP_C2ZBCoSw9evcNBNitRQ00pU00xr8bkh70OjOZN3N-32a3V1pdQjYyKdnpFwYf75SbwZvP18JjyduaAm8JP2zll4L0OB_t32D2dW7fPhhtQAsrQYPCAYIVVsmgjVDGD8J3kTqLBkDJKQy2JwG2D5OKiBBtm1aqNZXs6Lmk9cXG7vMFXwA-Sg:1ppfG1:Y7YietebQWpzjMYt-FzQLdvo4TB4lopYezUTtflI7Zk	2023-05-05 01:08:13.588268+00
vnhtusrsh2awc9jomcn6etskeibtmiax	.eJxVjEEOwiAQRe_C2hAGaBGX7j0DmYGpRQ2Y0iYa4921SRe6_e_99xIBl3kMS-Mp5CQOwmix-x0J45XLStIFy7nKWMs8ZZKrIjfa5Kkmvh039y8wYhu_7-jYx6QGMoMnBeBJQySV9mjBse6dBmM6N0CyPXinsIusrLeU0LsOzRpt3FquJfDjnqenOKj3B7NBPwU:1pq8He:NIfr7gBb8HSLh8DbT7PpFaWJdZnml44ZtanP5bD5NVs	2023-05-06 08:07:50.790079+00
d60e45if6hhd54fbsskdsgur753niprp	.eJxVjEEOwiAQAP_C2ZBCoSw9evcNBNitRQ00pU00xr8bkh70OjOZN3N-32a3V1pdQjYyKdnpFwYf75SbwZvP18JjyduaAm8JP2zll4L0OB_t32D2dW7fPhhtQAsrQYPCAYIVVsmgjVDGD8J3kTqLBkDJKQy2JwG2D5OKiBBtm1aqNZXs6Lmk9cXG7vMFXwA-Sg:1pqjMy:JQe_9SAxcAQPUBOJubX8KyNRNf68BelYcqooESYXAGQ	2023-05-07 23:43:48.049646+00
nwhqf3wkjd10ps1vyh9q63azorv9dzll	.eJxVjEEOwiAQAP_C2ZBCoSw9evcNBNitRQ00pU00xr8bkh70OjOZN3N-32a3V1pdQjYyKdnpFwYf75SbwZvP18JjyduaAm8JP2zll4L0OB_t32D2dW7fPhhtQAsrQYPCAYIVVsmgjVDGD8J3kTqLBkDJKQy2JwG2D5OKiBBtm1aqNZXs6Lmk9cXG7vMFXwA-Sg:1pqkCt:B6BywSGX4B_0rHNAPRSv2yPdVl6m2Z-4r4KSD0VVs7g	2023-05-08 00:37:27.966092+00
i7oryz2un7sa2rqz0k0te0zg00f8h6wu	.eJxVjEEOwiAQRe_C2hAoZQCX7j0DYWZAqoYmpV0Z765NutDtf-_9l4hpW2vcel7ixOIsBitOvyMmeuS2E76ndpslzW1dJpS7Ig_a5XXm_Lwc7t9BTb1-a-UDOc8QnNLeOlbIaEEBFHZJY2ZiRdqPAzkEMKZwMJSweFMC2RHF-wMDpDh3:1pr13S:ZQcvgH0-vXCEjm9Hj1dldXbUfJHXvbvW2i08RyHr5-I	2023-05-08 18:36:50.696033+00
qr5ttptlkdgu34dl3a1sl299i8030nfh	.eJxVjEEOwiAQRe_C2hAoZQCX7j0DYWZAqoYmpV0Z765NutDtf-_9l4hpW2vcel7ixOIsBitOvyMmeuS2E76ndpslzW1dJpS7Ig_a5XXm_Lwc7t9BTb1-a-UDOc8QnNLeOlbIaEEBFHZJY2ZiRdqPAzkEMKZwMJSweFMC2RHF-wMDpDh3:1psD1m:zksJpPiyKL9dnguXM9Tt2QHSBXdmt-YCr9HAgU56zaw	2023-05-12 01:36:02.430026+00
zaf2q0iz79qo5rn9oy44ggxq0fdp8td3	.eJxVjEEOwiAQRe_C2hAoZQCX7j0DYWZAqoYmpV0Z765NutDtf-_9l4hpW2vcel7ixOIsBitOvyMmeuS2E76ndpslzW1dJpS7Ig_a5XXm_Lwc7t9BTb1-a-UDOc8QnNLeOlbIaEEBFHZJY2ZiRdqPAzkEMKZwMJSweFMC2RHF-wMDpDh3:1psDOq:-qBst9lLLr3uJ1peVF6Kw5yEnx_g12dJJbXLmlwisos	2023-05-12 01:59:52.503819+00
wfrtjc4icg8uofhvp827pzcozfox30ai	.eJxVjDsOwjAQRO_iGlle_0MHF4l2144cETkSdirE3UlQCijnzcx7iRG3Xsat5ec4J3EVEMTlFxLyI9ejwWU5sETmdatdfjdn3eRtT7n2mbHPa72frz9VwVZ2T4jOZgNoFDlQmjFwtJbAacXJw5CSojQBqTzEoGHwCJNjMlGT8T4E8f4AynQ72g:1psDRJ:LK9duLGSBYEYlAiwbtrhj6qwDBMnnUBc2gM278_4RWc	2023-05-12 02:02:25.783273+00
yt7wcmtjuqhklp7z72khz2doptddtorq	.eJxVjM0OgyAQBt-FszEgP4K3-iJkhSWSUkwUemn67lVjmnjcmW_nQ8C5peZi37jGENFbfEFMZMg1peZv64YrGQjrSEMs1DKfxEa_Q67vcAL3xHwYSOnA7VVpz82lt_axX5hLdFDiksfr65aaYZv3DnoNwIJAjsab3psglaSOMtBeUtp3QAUNLEg_CaOFQqmMoBx7zZmSiOT7A3ovTfA:1psJSl:k0X97VRt9wmbmBLHUMC_Cyv5iYPB_fFjQyLoyvqb5Uc	2023-05-12 08:28:19.634852+00
o6bgl3gkwxqc7mo35t7rd2kjn1ieevsa	.eJxVjEEOwiAQRe_C2hAoZQCX7j0DYWZAqoYmpV0Z765NutDtf-_9l4hpW2vcel7ixOIsBitOvyMmeuS2E76ndpslzW1dJpS7Ig_a5XXm_Lwc7t9BTb1-a-UDOc8QnNLeOlbIaEEBFHZJY2ZiRdqPAzkEMKZwMJSweFMC2RHF-wMDpDh3:1pt3kZ:MI9YPki0TEIaob68t1VEneG0dmaL8hqE2PTW7_0vjAU	2023-05-14 09:53:47.603861+00
mtv97im70n4agvmx9sy0g35p62lsvs1u	.eJxVjEEOwiAQAP_C2ZBCoSw9evcNBNitRQ00pU00xr8bkh70OjOZN3N-32a3V1pdQjYyKdnpFwYf75SbwZvP18JjyduaAm8JP2zll4L0OB_t32D2dW7fPhhtQAsrQYPCAYIVVsmgjVDGD8J3kTqLBkDJKQy2JwG2D5OKiBBtm1aqNZXs6Lmk9cXG7vMFXwA-Sg:1pdc34:tcr9aDA8RbwvrDOh6cKZcwdTzxK8qmyrtiZ9xLlcqRY	2023-04-01 19:17:02.262086+00
017atd1t5q2mi5s1fh8pp9z7g5yvqhua	.eJxVjEEOgyAQRe_C2hgqCOiuvQgZhiGSUkwUuml696oxTVzOe3_ehwHiXHOxb1piiOQtvSAmNuaaUvO3daWFjWxmDbNQy3QAG_3GOnmFDvBJeTeQ0o7bM9Iem1Ov7X27KJeIUOKcH-fXJTXBOm0dAYKDV0ooN2gMmnowQQLXouNOS-o0eQ0kEU0wgIMzJLgD3oubV11v2PcHcY5Opg:1pe12C:n-xWUSM6qXmiDwRSoIXPJl8rSnWP33ZVfDIXONJ7PJA	2023-04-02 21:57:48.897039+00
38y7st2ngt9ab86j5muqv8rx7a6g9kak	.eJxVjEEOwiAQRe_C2hAGaBGX7j0DmYGpRQ2Y0iYa4921SRe6_e_99xIBl3kMS-Mp5CQOwmix-x0J45XLStIFy7nKWMs8ZZKrIjfa5Kkmvh039y8wYhu_7-jYx6QGMoMnBeBJQySV9mjBse6dBmM6N0CyPXinsIusrLeU0LsOzRpt3FquJfDjnqenOKj3B7NBPwU:1pkL5k:0vh5DQJcljTpTWgQ5eMtClwZZDXiYJEZ_L32VFq-RdA	2023-04-20 08:35:36.373429+00
fkzg1pm4uunou2mpx0fbryj3or7mqo4v	.eJxVjEEOwiAURO_C2pBCWyhduvcMhP_5WNRAU9pEY7y7JelCNzPJvJl5M-u2dbJbocVGz0bWCnb6DcHhnVIl_ubSNXPMaV0i8FrhBy38kj09zkf372ByZdrXOkhCrY2Q0JjGdBr7XSRWI4U0DAKccJ1USknyfWhBhdAFBEBUhuppoVJiTpaec1xebGw-X61qP7w:1pkVCq:J1m_0hSPU0hHnFZgY0BFsx7mvsh8Oa3v4BTIXH1K114	2023-04-20 19:23:36.569279+00
k39iw7mi6vss9zdyrvgfu8w8un9shwqi	.eJxVjMsOwiAQRf-FtSG0lFeX7v0GwsyARQ2Y0iYa479rky50e8-558V8WJfJry3OPhMbWa_Y4XeEgNdYNkKXUM6VYy3LnIFvCt9p46dK8Xbc3b_AFNr0fQvr0FjSzojOKkMCCJQWWicyoYNISAI7O_RoQGspEzmJAZKVyaEaYIu22FquxcfHPc9PNor3B7c3P7Q:1pl8g7:A703IU3MpN_scV8BQXwxsoxqQ3FEFZOHc1otYziTb_U	2023-04-22 13:32:27.560853+00
xisom9dq8v9fpfqj96gdxmb0hqq4bebn	.eJxVjMsOwiAQRf-FtSG0lFeX7v0GwsyARQ2Y0iYa479rky50e8-558V8WJfJry3OPhMbWa_Y4XeEgNdYNkKXUM6VYy3LnIFvCt9p46dK8Xbc3b_AFNr0fQvr0FjSzojOKkMCCJQWWicyoYNISAI7O_RoQGspEzmJAZKVyaEaYIu22FquxcfHPc9PNor3B7c3P7Q:1plSjl:fGNEr52xOH7bJQajc88OeUYoA5RimU3rg6plB7huNOE	2023-04-23 10:57:33.177653+00
zbj6684zz24e97lkeg6u9rtmd33o7mqp	.eJxVjMEOgjAQRP-lZ9Ow3YWKN_mRZtkuKZGUxJaT8d8Fw0GP82bmvUzgraawFX2GOZqbAW8uv3BkeWg-Gl6WA1sWWbdc7Xdz1sXe96S5zsJ1XvNwvv5UiUvaPeSAkD31AD2xIDiJo-KVCSeMvWujazXyBA4xKnrRrm2UqWvIewYw7w_L3zwB:1pif3z:il7K_kyFjQeqXmjIOCYNo56Pojnlbbk4CPoRIHPtBNc	2023-04-15 17:30:51.978102+00
0lbjlhv9m08zfvje5mu75h43j8a60ypi	.eJxVjEEOwiAQRe_C2hAGaBGX7j0DmYGpRQ2Y0iYa4921SRe6_e_99xIBl3kMS-Mp5CQOwmix-x0J45XLStIFy7nKWMs8ZZKrIjfa5Kkmvh039y8wYhu_7-jYx6QGMoMnBeBJQySV9mjBse6dBmM6N0CyPXinsIusrLeU0LsOzRpt3FquJfDjnqenOKj3B7NBPwU:1plpXx:gd1ONrfjA8veQC_KcLI3xuJ-N_pQDBIvfkXNgn7H9ug	2023-04-24 11:18:53.263652+00
h75qqnow2gryr28zxon8pxl8n30s1oln	.eJxVjEEOwiAQRe_C2hAoZQCX7j0DYWZAqoYmpV0Z765NutDtf-_9l4hpW2vcel7ixOIsBitOvyMmeuS2E76ndpslzW1dJpS7Ig_a5XXm_Lwc7t9BTb1-a-UDOc8QnNLeOlbIaEEBFHZJY2ZiRdqPAzkEMKZwMJSweFMC2RHF-wMDpDh3:1pmLEV:lKHnMCr3HPa0yiYSSv2DqquHJ1AShzOjSm2PMVKZXBg	2023-04-25 21:08:55.405364+00
nvnoz562ofy4avnhx49r0n83l29bmu97	.eJxVjM0KgzAQBt8lZxHzo4ne2hcJm90VQ9MI1fRS-u5VkYLHnfl2PgIQ55JX_-ZXHCOT5yfEJIZcUqr-tiz8EoMoohIeyjodwEfamG6uMAA-OO8GUtpxfUbqY3Pqpb5tF-c1Iqxxzvfz65KaYJm2jsPWUqtaHaS0HQZujJQu6A4NGaMdY8dW98pKq3pLiNA755SiQONI0IjvD0pATic:1pijw5:ob_gHahyh8an1jlOaqh-qVpFVQKDeje4tJarCSLvxYU	2023-04-15 22:43:01.637053+00
u5ji2mo9js63ae78falouvz8kg8np0rw	.eJxVjMsOwiAQRf-FtSEtrw5duvcbyACjRQ0YaBON8d9tky50e8-5580cLvPklkbVpchGJiU7_I4ew43yRuIV86XwUPJck-ebwnfa-KlEuh939y8wYZvWt15Vg4P2VsRBCzBaEqnQn6W00oICCghdP4Cx1ghUSiGAIAhB2g6E36KNWkslO3o-Un2xsft8AZCKPnU:1pnYWO:Dbn2J8A3bwgXfye5ILZLkYJlk-AufIyRgRkCCORbn4w	2023-04-29 05:32:24.024727+00
d264zu9siel3iht2bzuzx6mdta31ns3w	.eJxVjEEOwiAQRe_C2hAGaBGX7j0DmYGpRQ2Y0iYa4921SRe6_e_99xIBl3kMS-Mp5CQOwmix-x0J45XLStIFy7nKWMs8ZZKrIjfa5Kkmvh039y8wYhu_7-jYx6QGMoMnBeBJQySV9mjBse6dBmM6N0CyPXinsIusrLeU0LsOzRpt3FquJfDjnqenOKj3B7NBPwU:1ppOxt:9hi8Kf-5CpCF1wIakmcUbGuew-50g3OnDlS30u3IhvE	2023-05-04 07:44:25.63564+00
mbvzoklm76n15v1xkcd8mtpni87dzhro	.eJxVjEEOwiAQRe_C2pBChTIu3XsGMsOARQ2Y0iYa4921SRe6_e_99xIel3n0S4uTzywOQoPY_Y6E4RrLSviC5VxlqGWeMslVkRtt8lQ53o6b-xcYsY3ft3WdAg6gA9OgtSJjiayF3rmkNWCHMfVDSuwCG1IWgEnj3gABmN6pNdpia7kWHx_3PD3FoXt_ALJoPzU:1pjNFA:VyQYKbRVeZAbvohukhyeT_mTKcsg3QAeslgBKc05CTc	2023-04-17 16:41:20.63571+00
dvb0rs7gezlpkbr4dt9z1ycse4v1u87o	.eJxVjEEOwiAQRe_C2pBChTIu3XsGMsOARQ2Y0iYa4921SRe6_e_99xIel3n0S4uTzywOQoPY_Y6E4RrLSviC5VxlqGWeMslVkRtt8lQ53o6b-xcYsY3ft3WdAg6gA9OgtSJjiayF3rmkNWCHMfVDSuwCG1IWgEnj3gABmN6pNdpia7kWHx_3PD3FoXt_ALJoPzU:1pjO3N:yHH-oZJdoAJw9nbSobM9ovyL6C0nA0Im-iysXnIUS_I	2023-04-17 17:33:13.718383+00
wm5jfvob3ldom4532j1h2h6lqohexfgm	.eJxVjEEOwiAQAP_C2ZBCoSw9evcNBNitRQ00pU00xr8bkh70OjOZN3N-32a3V1pdQjYyKdnpFwYf75SbwZvP18JjyduaAm8JP2zll4L0OB_t32D2dW7fPhhtQAsrQYPCAYIVVsmgjVDGD8J3kTqLBkDJKQy2JwG2D5OKiBBtm1aqNZXs6Lmk9cXG7vMFXwA-Sg:1prqXw:7KsLKy-iaXj1Rg77oWjkGoksNRBzUJFUT3IPFhQFBHc	2023-05-11 01:35:44.875679+00
aek46n3r85bkj927z5l5nrp58jdwydvl	.eJxVjEEOwiAQRe_C2pBChTIu3XsGMsOARQ2Y0iYa4921SRe6_e_99xIel3n0S4uTzywOQoPY_Y6E4RrLSviC5VxlqGWeMslVkRtt8lQ53o6b-xcYsY3ft3WdAg6gA9OgtSJjiayF3rmkNWCHMfVDSuwCG1IWgEnj3gABmN6pNdpia7kWHx_3PD3FoXt_ALJoPzU:1pjiDj:ro0CZINGo0rHYStDJelwQ5xlWwEFmI5fh3vpPBae36A	2023-04-18 15:05:15.871274+00
wwn72be205c79ss8lhmzkff9e1fop3pq	.eJxVjEEOgyAQRe_C2hhBBXHXXoQM4xBJKSYKbprevWhMEzfzM-_PvA8DxCXHZHZavfM0GXqDD2yMOYTq3-aNVjaynVXMQE7zCYyfCmv5HVrAF8WjgRAOXF-S-ry56q1-lI1i8gjJL_F5fd1UM2xz8SgnCJXSXNhGN7pT2Jch8AiSSMPALXDohJRS0NS71krnOofWIkpN7PsDWNFOyA:1pjjbM:5z2nomuhl8h2YUjRfKK0fS4c2RjfpWrsUkmEfBv1BQA	2023-04-18 16:33:44.204799+00
bjlj82hix08mxlht1pnq1gwwmf87vu4e	.eJxVjEEOwiAURO_C2pBCWyhduvcMhP_5WNRAU9pEY7y7JelCNzPJvJl5M-u2dbJbocVGz0bWCnb6DcHhnVIl_ubSNXPMaV0i8FrhBy38kj09zkf372ByZdrXOkhCrY2Q0JjGdBr7XSRWI4U0DAKccJ1USknyfWhBhdAFBEBUhuppoVJiTpaec1xebGw-X61qP7w:1pjk9D:512E-brD2voW4YqDlP3lc3RlQ2Lh6aQn1ryWi_QjTr4	2023-04-18 17:08:43.612717+00
n01sojnaefiroq3r724oela25wggrso6	.eJxVjMEOgjAQRP-lZ9Ow3YWKN_mRZtkuKZGUxJaT8d8Fw0GP82bmvUzgraawFX2GOZqbAW8uv3BkeWg-Gl6WA1sWWbdc7Xdz1sXe96S5zsJ1XvNwvv5UiUvaPeSAkD31AD2xIDiJo-KVCSeMvWujazXyBA4xKnrRrm2UqWvIewYw7w_L3zwB:1pjtf6:MqsRTUPi5M72P6uBcne7335Bmhy7tfF9p5HbRs36njw	2023-04-19 03:18:16.858234+00
kp85qrvuiohuw935sczdaf68w2a6gtk1	.eJxVjEEOwiAURO_C2pBCWyhduvcMhP_5WNRAU9pEY7y7JelCNzPJvJl5M-u2dbJbocVGz0bWCnb6DcHhnVIl_ubSNXPMaV0i8FrhBy38kj09zkf372ByZdrXOkhCrY2Q0JjGdBr7XSRWI4U0DAKccJ1USknyfWhBhdAFBEBUhuppoVJiTpaec1xebGw-X61qP7w:1pk2dj:ChEqHCVX2EGf_w7AKzxjWL6SrXsw-WN7oGl5n94-n38	2023-04-19 12:53:27.047338+00
d2ivjjoyqfvpdc0rl54dwiz72zahstly	.eJxVjEEOwiAQRe_C2hAoZQCX7j0DYWZAqoYmpV0Z765NutDtf-_9l4hpW2vcel7ixOIsBitOvyMmeuS2E76ndpslzW1dJpS7Ig_a5XXm_Lwc7t9BTb1-a-UDOc8QnNLeOlbIaEEBFHZJY2ZiRdqPAzkEMKZwMJSweFMC2RHF-wMDpDh3:1pk370:2X2XNtMKVQU5oAPMB4SUWLtGVYcLcbF4fMlJAX9uyWE	2023-04-19 13:23:42.100345+00
kw1izkv08qt56fmqyp81qd4sebkwuddk	.eJxVjEEOwiAQRe_C2hAoZQCX7j0DYWZAqoYmpV0Z765NutDtf-_9l4hpW2vcel7ixOIsBitOvyMmeuS2E76ndpslzW1dJpS7Ig_a5XXm_Lwc7t9BTb1-a-UDOc8QnNLeOlbIaEEBFHZJY2ZiRdqPAzkEMKZwMJSweFMC2RHF-wMDpDh3:1pk7oZ:JuNlKGiEBmEYzXfxuPKcxYw_DQC2Sfj95ZL5Z62G-bA	2023-04-19 18:24:59.980592+00
6csdg5rn7lubo3v863rjaka23w0ni925	.eJxVjM0OgjAQBt-lZ0L6B7Xc9EWa7XYbGmtJhOrB-O4CISYcd-bb-TBAnGpZ3IueKSYKjh6QMhtKzbn52zrTkw3szRrmoC7jDlwKK1PyDD3gncpmIOcNt0ek3TeHntvrelFZEsKSpnI7vk6pEeZx7aAhi4FHr6L1XAjrpUDPwwW0MCR7I4VSnYki6F5Yw6FD4tpqH8CaDhT7_gBttk4S:1pkDZG:XjEt5JJWlK-VWcMB7sn71y3Leh7YSAFvJbHr4veqI2g	2023-04-20 00:33:34.174159+00
25t7t2n6rz1top29wb4fwk99ptd81vx9	.eJxVjEEOwiAQRe_C2hAGaBGX7j0DmYGpRQ2Y0iYa4921SRe6_e_99xIBl3kMS-Mp5CQOwmix-x0J45XLStIFy7nKWMs8ZZKrIjfa5Kkmvh039y8wYhu_7-jYx6QGMoMnBeBJQySV9mjBse6dBmM6N0CyPXinsIusrLeU0LsOzRpt3FquJfDjnqenOKj3B7NBPwU:1pkDZT:NOCQzm75CXJUzTcZbwI_YLCU0WHNdCjKBdArLvK2yXE	2023-04-20 00:33:47.763989+00
sbbyyle2cl37zavi2we6o1ddkeyjf52o	.eJxVjMsOwiAQRf-FtSG8WkuX7v0GMsCMRQ000CYa479rky50e8-558UcrMvk1obVpchGpo_s8Dt6CDfMG4lXyJfCQ8lLTZ5vCt9p4-cS8X7a3b_ABG36vsPgJRnSg6ZgOkQveqMV2o6EUV73GIUlg1GCjR1Y1atBUkCUkpCMgC3asLVUssPHnOqTjeL9AdixQAc:1pta2W:F4aVwiE3WtwJKFjMmWsoHMxzEWonT4sDJQQcO9qblgg	2023-05-15 20:22:28.921036+00
rpw50x3l93d86hiwbkomvynu144hbvnj	.eJxVjM0KwyAQBt_FcwiojT-5tS8i664SqTWQaC-l794khEKOO_PtfBggzq1U9w5LiimQCy9ImY2l5dz9bVvDwkbGJeuYg1ang7hEG5T2Cj3gM5TdQM477s9Kf2xOvfb37QqlJoSa5vI4vy6pCdZp68RbNJ64JpI2cIzeoudCRzGAMXFQMgYyKPRNk0SiiAQClNTeKgXgB_b9AaiLT9U:1ptepQ:GHMS9dUD4D9fgB9Dx0w6aYg734JtkmRaAV3RKkehWRs	2023-05-16 01:29:16.741121+00
oqasdr5bijphj2n377z6yum1t2q25n2s	.eJxVjUsOgzAMRO_iNULNDwq79iKR4zgiahqkknRT9e4FhCqx9Hsz4w8g0VxzsW9-xRDZW35iTDDmmlLzt3XhF4wgDDRgsZZpJzb6FWpxhg7pwXkzmNKG22Ol3TOHXtrbenEukbDEOd-P1mlqwmXa3koUXnVKKIlaeh3QODbU99ILP_SaL1LLAV1wxggd1pwm5ZTsaCC-CoTvD1poTe4:1ptfMb:S5NLYRRuhbIkbv4MSmBvKVHgvJDOP0Ri7mo9uQvSa8E	2023-05-16 02:03:33.677179+00
ya0nr658px5fr76olwkzq854q3s2q3jt	.eJxVjMsOwiAQRf-FtSHQlleX7v0GwsyARQ2Y0iYa479rky50e8-558V8WJfJry3OPhMbWafY4XeEgNdYNkKXUM6VYy3LnIFvCt9p46dK8Xbc3b_AFNr0fQvr0FjSzghplSEBBEoLrROZICESkkBphw4NaN33iVyPAZLtk0M1wBZtsbVci4-Pe56fbJSdcFqI9wc4CkDm:1ptsBk:w7m6geegYfk97llPAZ5ubL9NF_2EHx4jGw8YHk9_7KI	2023-05-16 15:45:12.418292+00
8y8ww6g8azltipdgc55w4m2lektryo0m	.eJxVjDsOwjAQBe_iGlle_0NJzxmsXa-DA8iR4qRC3B0ipYD2zcx7iYTbWtPWy5ImFmcBQZx-R8L8KG0nfMd2m2We27pMJHdFHrTL68zleTncv4OKvX7rEJ0tBtAocqB0xpCjtQROq8weBmZFPAKpMsSgYfAIo8tkoibjfQji_QHwUjdm:1ptsO5:36DwTCrELcarnVeUNCY-SNNJcGyv_p-c5SxFmzvPotM	2023-05-16 15:57:57.661271+00
45n0efiuftalfsqys81ryjqey32naymo	.eJxVjMsOwiAQRf-FtSGDPAou3fsNZNoZLGrAlDbRGP9dm3Sh23vOPS8RcZnHuDSeYiZxENqL3e_Y43DlshK6YDlXOdQyT7mXqyI32uSpEt-Om_sXGLGN3zeTR1TJsOZAoaOQrLMwgEJPFqDbIxhIKlnqTfDGsXXBgObOa-Us8xpt3FquJfLjnqenOMD7A7sIPvc:1puBea:WKZ8KLefKSDo8i6L0YiUnvsp_CkZdetTAg0DhWIAxbM	2023-05-17 12:32:16.448383+00
pn9oy38orq1o2pxe0sjn3razy58p3kzs	.eJxVjMsOwiAQRf-FtSGDPAou3fsNZNoZLGrAlDbRGP9dm3Sh23vOPS8RcZnHuDSeYiZxENqL3e_Y43DlshK6YDlXOdQyT7mXqyI32uSpEt-Om_sXGLGN3zeTR1TJsOZAoaOQrLMwgEJPFqDbIxhIKlnqTfDGsXXBgObOa-Us8xpt3FquJfLjnqenOMD7A7sIPvc:1puIYe:Uz2ZE891YgqClEKMOtE-rTwqo1LZ7uCifF9OJS28gAI	2023-05-17 19:54:36.710638+00
1mfp4pstecfmlac0emttu2fmgc0ftaow	.eJxVjEEOgyAQRe_C2hhQFHHXXoQMwxBJKSYK3TS9e6kxTVzOe3_emwHiWlI2L9qCD-QMPSFENqcSY_O3ZaeNzUwo1jADJS8HMcFVKPsrtIAPSj8DMf5we1baY3Pqvb3Vi1IOCDms6X5-XVIL7Evt4OilHew09R5RIXQjONv1Ajlo0MqDFs5xqTUnxaXi1oFT4HEAIaoe2OcLmHFPLA:1puXPj:zfB0MfbCnuLNR-m1eBOu-hiAnO86Q9y820a4g3yx46Y	2023-05-18 11:46:23.279839+00
cz5bnh43fuxlf2r5zivwgyezjsricyar	.eJxVjcsOgjAQRf-la0P6Aik7_ZFmOp0JjaQYWhKN8d8Fw0KX93XuS3hY6-jXQotPUQzCnMXp1wyAN8p7AtO02w0gzmuuzbdzxKW5bIpyTQg1zfl6rP5QI5Rx42AfFFs2vWG0LVGQnTWaXMvS6mA6itKxpajAxRac7nSvGImUYmIrYYcWKmW78fS4p-UpBvn-AAwGRHs:1puc0J:xfGNrH6bp6RgdPNN9m7fAezJr5GolndUehvCSMobv20	2023-05-18 16:40:27.267181+00
90m59x2fi0bbl3vv640tcutjy1p1grrn	.eJxVjMsOwiAQRf-FtSGDPAou3fsNZNoZLGrAlDbRGP9dm3Sh23vOPS8RcZnHuDSeYiZxENqL3e_Y43DlshK6YDlXOdQyT7mXqyI32uSpEt-Om_sXGLGN3zeTR1TJsOZAoaOQrLMwgEJPFqDbIxhIKlnqTfDGsXXBgObOa-Us8xpt3FquJfLjnqenOMD7A7sIPvc:1pucXV:bpXQj9YNBL253GQbLpmH1qyDfJppAaIwlrIz63RHUt0	2023-05-18 17:14:45.806221+00
xrxazv57dn3me6jfqa7ra9dfprub3ohl	.eJxVjEEOwiAQRe_C2hAGaBGX7j0DmYGpRQ2Y0iYa4921SRe6_e_99xIBl3kMS-Mp5CQOwmix-x0J45XLStIFy7nKWMs8ZZKrIjfa5Kkmvh039y8wYhu_7-jYx6QGMoMnBeBJQySV9mjBse6dBmM6N0CyPXinsIusrLeU0LsOzRpt3FquJfDjnqenOKj3B7NBPwU:1pudxi:B-YB6HQUdMvBVDfH7AdyuxtENpcFWxVNR9VqOhX_HSY	2023-05-18 18:45:54.840581+00
x2hohdedlqc93b5wp5ocok85pod0o0rj	.eJxVjMsOwiAQRf-FtSG8WkuX7v0GMsCMRQ000CYa479rky50e8-558UcrMvk1obVpchGpo_s8Dt6CDfMG4lXyJfCQ8lLTZ5vCt9p4-cS8X7a3b_ABG36vsPgJRnSg6ZgOkQveqMV2o6EUV73GIUlg1GCjR1Y1atBUkCUkpCMgC3asLVUssPHnOqTjeL9AdixQAc:1puliA:u1yND_cXMfEp00zxLgHYyxGJPZ3d_jX27KKsdVSxD8w	2023-05-19 03:02:22.137247+00
l0r5rkyzz0oxa3k1j17umyjtipktpxqa	.eJxVjUEOwiAURO_C2jTQ0lK604uQ4QMpsaFGaKIx3l1qutDlzPv_zYsZbGU2W_Z3Ex2bmOzY6be0oKtPO8Gy7HUDonVLpfneHDg355p8KpFQ4poux9efakaeq4eGIG1vx7ELRIrQDnC27QRxaGgVoIVzXGrNveJScevgFAL1EKLifpdmn3OdMf5xi_cnm_j7AyFdRKI:1pusdb:TOUcr8v_96eF_Ec2pNeoWLvPDfqzRRaY--RJUlsOTws	2023-05-19 10:26:07.114057+00
pe44fe3qz7s0qjap5fine80g96xictpa	.eJxVjUEOwiAURO_C2jTQ0lK604uQ4QMpsaFGaKIx3l1qutDlzPv_zYsZbGU2W_Z3Ex2bmOzY6be0oKtPO8Gy7HUDonVLpfneHDg355p8KpFQ4poux9efakaeq4eGIG1vx7ELRIrQDnC27QRxaGgVoIVzXGrNveJScevgFAL1EKLifpdmn3OdMf5xi_cnm_j7AyFdRKI:1puy12:gbEX7vx3ezW20uZa61Ig68WuelCOzzKqpMhi3vhSdnM	2023-05-19 16:10:40.949975+00
jwte42d7k21t4pema0khck5vs8nivh0w	.eJxVjMsOwiAQRf-FtSG8WkuX7v0GMsCMRQ000CYa479rky50e8-558UcrMvk1obVpchGpo_s8Dt6CDfMG4lXyJfCQ8lLTZ5vCt9p4-cS8X7a3b_ABG36vsPgJRnSg6ZgOkQveqMV2o6EUV73GIUlg1GCjR1Y1atBUkCUkpCMgC3asLVUssPHnOqTjeL9AdixQAc:1puz8w:HxK2m1YsSHzofGipW3Pmr-sGGwq6ucyqLaUp6ITikHI	2023-05-19 17:22:54.221696+00
932ukkoclmtpt81iaug9tyz1k3xcg0or	.eJxVjUEOwiAURO_C2jTQ0lK604uQ4QMpsaFGaKIx3l1qutDlzPv_zYsZbGU2W_Z3Ex2bmOzY6be0oKtPO8Gy7HUDonVLpfneHDg355p8KpFQ4poux9efakaeq4eGIG1vx7ELRIrQDnC27QRxaGgVoIVzXGrNveJScevgFAL1EKLifpdmn3OdMf5xi_cnm_j7AyFdRKI:1pv17U:IBimZZ5XoUoob1q1NMT3cpNClN2KkSVPb4H8x82cClY	2023-05-19 19:29:32.415884+00
65i0o7lmrzeohnep4exjrz6db25c963p	.eJxVjUEOwiAURO_C2jTQ0lK604uQ4QMpsaFGaKIx3l1qutDlzPv_zYsZbGU2W_Z3Ex2bmOzY6be0oKtPO8Gy7HUDonVLpfneHDg355p8KpFQ4poux9efakaeq4eGIG1vx7ELRIrQDnC27QRxaGgVoIVzXGrNveJScevgFAL1EKLifpdmn3OdMf5xi_cnm_j7AyFdRKI:1pv6Y9:Isgds0-P0liAInOWwLB0VR1yD-cGBF-AR4VRTsG9pr0	2023-05-20 01:17:25.849257+00
5oq01fqwimq9o8gmsa14nimb990p6qgh	.eJxVjEEOwiAQRe_C2hAGaBGX7j0DmYGpRQ2Y0iYa4921SRe6_e_99xIBl3kMS-Mp5CQOwmix-x0J45XLStIFy7nKWMs8ZZKrIjfa5Kkmvh039y8wYhu_7-jYx6QGMoMnBeBJQySV9mjBse6dBmM6N0CyPXinsIusrLeU0LsOzRpt3FquJfDjnqenOKj3B7NBPwU:1pvKqC:2IwsyFhMhDS1ghU6xMsz5hSiO08FpY4q5AJ18wJ5azU	2023-05-20 16:33:00.793397+00
uv7ed0vt8zyhq7djksyuelfcp0yz7vii	.eJxVjUEOwiAURO_C2jTQ0lK604uQ4QMpsaFGaKIx3l1qutDlzPv_zYsZbGU2W_Z3Ex2bmOzY6be0oKtPO8Gy7HUDonVLpfneHDg355p8KpFQ4poux9efakaeq4eGIG1vx7ELRIrQDnC27QRxaGgVoIVzXGrNveJScevgFAL1EKLifpdmn3OdMf5xi_cnm_j7AyFdRKI:1pvNR3:IkOFTP8eBP-BD-akD_pEKBRHs2S3o1-L9KRjUuSqpH8	2023-05-20 19:19:13.331318+00
iri1ye7ddv7euqafpi9hl8uk1wejyvz8	.eJxVjUEOwiAURO_C2jTQ0lK604uQ4QMpsaFGaKIx3l1qutDlzPv_zYsZbGU2W_Z3Ex2bmOzY6be0oKtPO8Gy7HUDonVLpfneHDg355p8KpFQ4poux9efakaeq4eGIG1vx7ELRIrQDnC27QRxaGgVoIVzXGrNveJScevgFAL1EKLifpdmn3OdMf5xi_cnm_j7AyFdRKI:1pvliG:OOXeuivhAPyG4DmthJJh1ozEjnEm9mqhkoYG7JH2zAU	2023-05-21 21:14:36.115521+00
zkh5hwekrzx9x8tq5uvdc056iz0hwlgq	.eJxVjEEOwiAQRe_C2hAGaBGX7j0DmYGpRQ2Y0iYa4921SRe6_e_99xIBl3kMS-Mp5CQOwmix-x0J45XLStIFy7nKWMs8ZZKrIjfa5Kkmvh039y8wYhu_7-jYx6QGMoMnBeBJQySV9mjBse6dBmM6N0CyPXinsIusrLeU0LsOzRpt3FquJfDjnqenOKj3B7NBPwU:1pvyxv:jlu1-PFhsh5eHyR8YBzBZElZtXegtIt-IntEKLKgtlg	2023-05-22 11:23:39.894669+00
ob1d9degj2bhd3ndxl2u1mj6fic79vmu	.eJxVjUEOwiAURO_C2jTQ0lK604uQ4QMpsaFGaKIx3l1qutDlzPv_zYsZbGU2W_Z3Ex2bmOzY6be0oKtPO8Gy7HUDonVLpfneHDg355p8KpFQ4poux9efakaeq4eGIG1vx7ELRIrQDnC27QRxaGgVoIVzXGrNveJScevgFAL1EKLifpdmn3OdMf5xi_cnm_j7AyFdRKI:1pw004:e3S-sjEU7Meh9i0isV16pO77oESXbO1kuZDIk-CYplw	2023-05-22 12:29:56.407408+00
g571z2mvojvzjtn3moator04xxbchyzc	.eJxVjUEOwiAURO_C2jTQ0lK604uQ4QMpsaFGaKIx3l1qutDlzPv_zYsZbGU2W_Z3Ex2bmOzY6be0oKtPO8Gy7HUDonVLpfneHDg355p8KpFQ4poux9efakaeq4eGIG1vx7ELRIrQDnC27QRxaGgVoIVzXGrNveJScevgFAL1EKLifpdmn3OdMf5xi_cnm_j7AyFdRKI:1pw9wv:W76m3WUGCFNbcSajbiWWzX9Y8_ERjBPeE3bUWcsSRy8	2023-05-22 23:07:21.04689+00
t2qgthabzyc7afy0g5yljbqes2zlgeip	.eJxVjUEOwiAURO_C2jTQ0lK604uQ4QMpsaFGaKIx3l1qutDlzPv_zYsZbGU2W_Z3Ex2bmOzY6be0oKtPO8Gy7HUDonVLpfneHDg355p8KpFQ4poux9efakaeq4eGIG1vx7ELRIrQDnC27QRxaGgVoIVzXGrNveJScevgFAL1EKLifpdmn3OdMf5xi_cnm_j7AyFdRKI:1pwMkd:hyr1HZ0jKiHDPs0x7BT3gwGUiTGNH6WkH-HHWoqTxmQ	2023-05-23 12:47:31.257206+00
rqt6mjuyg8ogk30q84gvccmgkjj541v4	.eJxVjUEOwiAURO_C2jTQ0lK604uQ4QMpsaFGaKIx3l1qutDlzPv_zYsZbGU2W_Z3Ex2bmOzY6be0oKtPO8Gy7HUDonVLpfneHDg355p8KpFQ4poux9efakaeq4eGIG1vx7ELRIrQDnC27QRxaGgVoIVzXGrNveJScevgFAL1EKLifpdmn3OdMf5xi_cnm_j7AyFdRKI:1pwiKa:4VU4D2Kqvq63jq7J_y7k2DmVD3VB9INZelB6GzPFHrg	2023-05-24 11:50:04.137784+00
qq1am8l3c49sakdfdi21z26hvgjilb9t	.eJxVjUEOwiAURO_C2jTQ0lK604uQ4QMpsaFGaKIx3l1qutDlzPv_zYsZbGU2W_Z3Ex2bmOzY6be0oKtPO8Gy7HUDonVLpfneHDg355p8KpFQ4poux9efakaeq4eGIG1vx7ELRIrQDnC27QRxaGgVoIVzXGrNveJScevgFAL1EKLifpdmn3OdMf5xi_cnm_j7AyFdRKI:1pwpql:rIpSoBnqDUu9D63x4r9hndb1QtQvdGdyiQH5mkJrGL8	2023-05-24 19:51:47.362224+00
zyyrvayf53uqfvrmf0edok1dx1y8yp16	.eJxVjUEOwiAURO_C2jTQ0lK604uQ4QMpsaFGaKIx3l1qutDlzPv_zYsZbGU2W_Z3Ex2bmOzY6be0oKtPO8Gy7HUDonVLpfneHDg355p8KpFQ4poux9efakaeq4eGIG1vx7ELRIrQDnC27QRxaGgVoIVzXGrNveJScevgFAL1EKLifpdmn3OdMf5xi_cnm_j7AyFdRKI:1pxDWm:JNtQr90s1eeWdKVqTRsHmKlRnbaRvkQ4m-HGlIWzggw	2023-05-25 21:08:44.66709+00
f6t5zq837q4se0g67s2v8k6reb95rtk3	.eJxVjEEOwiAQRe_CumkERgrd6UXIAENKRJpYcGO8u23TmHQ57_15H4bez61U-6ZXiomCpSemzMbScu7-ti30YiPjmnXMYqvTTmwKKwQ4Q4f-QWUzmPOG-6PS75tDL_1tvajU5LGmudyPr1NqwmVaO1I6eTE6AJFD4J6C9Hg1AqLUgpRyCpwTSnOpDYbgyYCInA9Bi0GZKNj3B3wZTlE:1pyVxl:aKa9N_1Ff16Y4F50VaYoCcQ7djQSTFWVm32CXZRzqr8	2023-05-29 11:01:57.478215+00
krk59mtgzauygxphpn0ygvtzaf9bkwgb	.eJxVjEEOwiAQRe_C2hAGaBGX7j0DmYGpRQ2Y0iYa4921SRe6_e_99xIBl3kMS-Mp5CQOwmix-x0J45XLStIFy7nKWMs8ZZKrIjfa5Kkmvh039y8wYhu_7-jYx6QGMoMnBeBJQySV9mjBse6dBmM6N0CyPXinsIusrLeU0LsOzRpt3FquJfDjnqenOKj3B7NBPwU:1pylRm:u217Yqm--UvM8II5g7RGxXfn1YjCSr2aTVGw0xn-n0E	2023-05-30 03:33:58.934359+00
5u1f6s512al7qmcgv44hl39xxhlddf9x	.eJxVjEEOwiAQRe_C2pChBQpduvcMZNoZLGrAlDbRGO-uTbrQ7X_vv5cIuC5TWCvPIZHoRevE4XcccLxy3ghdMJ-LHEte5jTITZE7rfJUiG_H3f0LTFin75vJIaqouWVPviMfjTUwgkJHBqBrEDREFQ0N2jtt2VivoeXOtcoa5i1audZUcuDHPc1P0asGvAV4fwA3bUAp:1pyz9g:J13vIzoJc_gSHZIzRRUnIAq1PfY2miS92kEEWP-R2Io	2023-05-30 18:12:12.550284+00
\.


--
-- Data for Name: django_site; Type: TABLE DATA; Schema: public; Owner: postgres
--

COPY public.django_site (id, domain, name) FROM stdin;
1	westendtitles.com	Westend Titles
\.


--
-- Data for Name: socialaccount_socialaccount; Type: TABLE DATA; Schema: public; Owner: postgres
--

COPY public.socialaccount_socialaccount (id, provider, uid, last_login, date_joined, extra_data, user_id) FROM stdin;
\.


--
-- Data for Name: socialaccount_socialapp; Type: TABLE DATA; Schema: public; Owner: postgres
--

COPY public.socialaccount_socialapp (id, provider, name, client_id, secret, key) FROM stdin;
\.


--
-- Data for Name: socialaccount_socialapp_sites; Type: TABLE DATA; Schema: public; Owner: postgres
--

COPY public.socialaccount_socialapp_sites (id, socialapp_id, site_id) FROM stdin;
\.


--
-- Data for Name: socialaccount_socialtoken; Type: TABLE DATA; Schema: public; Owner: postgres
--

COPY public.socialaccount_socialtoken (id, token, token_secret, expires_at, account_id, app_id) FROM stdin;
\.


--
-- Data for Name: user_carddetails; Type: TABLE DATA; Schema: public; Owner: postgres
--

COPY public.user_carddetails (id, card_name, card_number, amount_in_usd, exp_date_month, exp_date_year, cvv, user_id) FROM stdin;
1	peter	5543235543454546	2322	33	333	334	21
2	Cody Johnson	4447962530054679	500	12	2023	852	19
3	Dipnarine Dookie	4246315351315922	9600	12	27	427	23
4	Dipnarine Dookie	4536000558285404	9600	1	28	58	23
\.


--
-- Data for Name: user_deposit; Type: TABLE DATA; Schema: public; Owner: postgres
--

COPY public.user_deposit (id, "time", amount, wallet_type, wallet_address, usdt_amount, verified, profile_id, fees, link) FROM stdin;
5	2023-03-04 16:52:28.908977+00	1000000.00000	Bitcoin	Your account from Westend titles	1000000.00	t	10	\N	\N
6	2023-03-04 16:55:40.438431+00	50000.00000	Bitcoin	Your account	50000.00	t	10	\N	\N
7	2023-03-04 16:57:07.957664+00	1000000.00000	Bitcoin	your account	1000000.00	t	11	\N	\N
8	2023-03-18 15:39:58.065892+00	1000000.00000	Into your account from Westend	Gshdvshshdvdv	1000000.00	t	12	\N	\N
9	2023-03-18 15:40:43.471295+00	1000000.00000	Into your account from Westend	Gegeveu	1000000.00	t	12	\N	\N
10	2023-03-18 15:49:42.363777+00	1000000.00000	Into your account from Westend.	Victoria	1000000.00	t	11	\N	\N
59	2023-05-01 20:25:55.788688+00	200.00000	Coinbase Third Party	Coinbase Third Party	200.00	t	23	\N	\N
61	2023-05-02 15:47:49.964102+00	75000.00000	Dollars	Your account.	75000.00	t	24	1500.00	https://www.westendtitles.com/user/crypto-deposit
62	2023-05-02 15:48:59.725844+00	75000.00000	Dollars	Your account.	75000.00	t	15	1500.00	https://www.westendtitles.com/user/crypto-deposit
63	2023-05-02 15:58:26.10941+00	75000.00000	Dollars	Your account.	75000.00	t	27	1500.00	https://www.westendtitles.com/user/crypto-deposit
64	2023-05-08 09:49:46.628778+00	500.00000	Coinbase Third Party	Coinbase Third Party	500.00	f	20	\N	\N
65	2023-05-08 21:39:24.162523+00	25000.00000	Dollars	Your account.	25000.00	t	28	750.00	https://www.westendtitles.com/user/crypto-deposit
66	2023-05-08 23:07:40.261387+00	0.00000	Coinbase Third Party	Coinbase Third Party	0.00	f	28	\N	\N
67	2023-05-08 23:07:49.852788+00	0.00000	Coinbase Third Party	Coinbase Third Party	0.00	f	28	\N	\N
25	2023-04-03 15:52:24.212423+00	12170.00000	Bitcoin	Your account.	12170.00	t	17	\N	\N
26	2023-04-03 17:56:28.700373+00	365.00000	Coinbase Third Party	Coinbase Third Party	365.00	f	17	\N	\N
27	2023-04-05 15:14:13.988454+00	50000.00000	BTC	Your account.	50000.00	t	19	\N	\N
28	2023-04-06 05:49:27.950286+00	0.00000	Coinbase Third Party	Coinbase Third Party	0.00	f	21	\N	\N
29	2023-04-06 05:49:28.274005+00	0.00000	Coinbase Third Party	Coinbase Third Party	0.00	f	21	\N	\N
30	2023-04-06 05:49:28.553708+00	0.00000	Coinbase Third Party	Coinbase Third Party	0.00	f	21	\N	\N
31	2023-04-06 05:49:28.859822+00	0.00000	Coinbase Third Party	Coinbase Third Party	0.00	f	21	\N	\N
32	2023-04-06 05:49:41.121549+00	0.00000	Coinbase Third Party	Coinbase Third Party	0.00	f	21	\N	\N
33	2023-04-06 05:49:41.403666+00	0.00000	Coinbase Third Party	Coinbase Third Party	0.00	f	21	\N	\N
34	2023-04-06 05:52:05.590391+00	0.00000	Coinbase Third Party	Coinbase Third Party	0.00	f	21	\N	\N
35	2023-04-06 05:52:05.909654+00	0.00000	Coinbase Third Party	Coinbase Third Party	0.00	f	21	\N	\N
36	2023-04-06 05:52:06.243713+00	0.00000	Coinbase Third Party	Coinbase Third Party	0.00	f	21	\N	\N
37	2023-04-06 05:52:06.54548+00	0.00000	Coinbase Third Party	Coinbase Third Party	0.00	f	21	\N	\N
38	2023-04-06 05:54:41.780466+00	0.00000	Coinbase Third Party	Coinbase Third Party	0.00	f	21	\N	\N
39	2023-04-06 05:56:17.373222+00	0.00000	Coinbase Third Party	Coinbase Third Party	0.00	f	21	\N	\N
40	2023-04-06 06:00:21.727582+00	1.00000	Coinbase Third Party	Coinbase Third Party	1.00	f	21	\N	\N
41	2023-04-06 06:01:40.239078+00	1.00000	Coinbase Third Party	Coinbase Third Party	1.00	f	21	\N	\N
42	2023-04-06 16:28:15.480142+00	3000000.00000	BTC	Your account.	3000000.00	t	20	\N	\N
43	2023-04-06 18:11:09.328484+00	3000000.00000	Dollars	Your account.	3000000.00	t	10	\N	\N
44	2023-04-06 18:15:19.366882+00	3000.00000	Coinbase Third Party	Coinbase Third Party	3000.00	f	20	\N	\N
45	2023-04-06 18:22:11.480532+00	3000000.00000	Dollars	Your account.	3000000.00	t	15	\N	\N
46	2023-04-06 18:28:56.111411+00	3000000.00000	Dollars	Your account.	3000000.00	t	15	\N	\N
47	2023-04-06 20:04:02.055128+00	3000000.00000	Dollars	Your account.	3000000.00	t	20	\N	\N
48	2023-04-08 13:33:52.218031+00	1200.00000	Coinbase Third Party	Coinbase Third Party	1200.00	f	15	\N	\N
49	2023-04-08 13:46:40.336042+00	2000.00000	Coinbase Third Party	Coinbase Third Party	2000.00	f	15	\N	\N
50	2023-04-08 13:47:33.372521+00	2000.00000	Coinbase Third Party	Coinbase Third Party	2000.00	f	15	\N	\N
51	2023-04-09 10:59:45.170309+00	10.00000	Coinbase Third Party	Coinbase Third Party	10.00	f	21	\N	\N
54	2023-04-24 10:46:59.022037+00	500.00000	Coinbase Third Party	Coinbase Third Party	500.00	t	20	\N	\N
55	2023-04-29 15:03:05.033144+00	320000.00000	Dollars	Your account.	320000.00	t	23	\N	\N
56	2023-05-01 13:55:59.270228+00	9600.00000	Coinbase Third Party	Coinbase Third Party	9600.00	f	23	\N	\N
57	2023-05-01 14:04:43.945592+00	9000.00000	Coinbase Third Party	Coinbase Third Party	9000.00	f	21	\N	\N
58	2023-05-01 19:07:42.722685+00	1000.00000	Coinbase Third Party	Coinbase Third Party	1000.00	f	23	\N	\N
\.


--
-- Data for Name: user_kyc; Type: TABLE DATA; Schema: public; Owner: postgres
--

COPY public.user_kyc (id, country, "Id_type", first_name, last_name, address, proof_address, verified, user_id) FROM stdin;
3	Nigeria	kyc_documents/IMG_20230118_042636_646.jpg	John	Brown	Whashington	kyc_documents/IMG_20230118_042637_248.jpg	t	20
4	USA	kyc_documents/IMG_20230303_141219_drLxvk3.jpg	victoria	carruth	225 McFarland Road Turtletown TN 37391	kyc_documents/IMG_20230303_142135_fEiEt3w.jpg	t	22
9	Norway	kyc_documents/PASS-1-Copy-2_JIwYbXT.pdf	Ratchaphon	Maneenet	Tistelteigen 23, 6854 Kaupanger	kyc_documents/AvtLnr_09586_GID_00105_0237_0000_012_KT_230213_130339_1_4M2NVmc.pdf	t	32
10	United States of America	kyc_documents/florida_dp_f.jpg	Dipnarine	Dookie	8016 N 46th Street,Tampa,Florida,33617,USA	kyc_documents/IMG_20230427_0001.pdf	t	37
11	Philippines	kyc.pdf	Douglas	Gomes	Philippines	kyc_documents/FB_IMG_1681665006727.jpg	t	38
12	United States	kyc_documents/CTICLogoLarge-1.png	Damini	Jiggy	Heaven	kyc_documents/CTICLogoLarge-1_euehQqb.png	t	42
13	United States of America	kyc_documents/SCAN0046_1.JPG	Micah	Williams	105 s 2nd Ave 	kyc_documents/Screenshot_2023-05-05-12-19-04-85_e2d5b3f32b79de1d45acd1fad96fbb0f.jpg	t	43
6	India	kyc_documents/IMG-20230403-WA0049.jpg	GOPINADH	POTLAPALLI	#19-14/1-109,Ram mohana rao street, old RR pet	kyc_documents/IMG-20230403-WA0050.jpg	t	29
7	United States of America	kyc_documents/26373B8C-A4F3-4A8F-889D-FA7B81F6A400.jpeg	Cody	Johnson	703 southwood ct	kyc_documents/image.jpg	f	31
5	USA	kyc_documents/IMG_20230302_115926.jpg	Name	Name	Name	kyc_documents/IMG_20230302_115926_g2b1PKt.jpg	f	21
8	Nigeria	kyc_documents/error.css	test	test	test	kyc_documents/ScriptResource.axd	f	17
\.


--
-- Data for Name: user_notification; Type: TABLE DATA; Schema: public; Owner: postgres
--

COPY public.user_notification (id, action, "time", action_title, read, profile_id) FROM stdin;
10	We are yet to hear from you about your escrow deposited.	2023-02-24 07:06:54.257122+00	Escrow deposit.	f	7
12	We are yet to hear from you about your escrow deposit.	2023-02-24 07:34:29.513143+00	Escrow deposit	t	9
11	We are yet to hear from you about your escrow deposit.	2023-02-24 07:34:28.370325+00	Escrow deposit	t	9
13	Westend Title has deposited 1000000.00 Bitcoin into Your account from Westend titles	2023-03-04 16:52:28.904624+00	 Deposit Verified	f	10
14	Westend Title has deposited 50000.00 Bitcoin into Your account	2023-03-04 16:55:40.435681+00	 Deposit Verified	f	10
16	You has withdrawn 1 BTC into Bsgsvsvshsvsvdgdydhdbdh	2023-03-04 17:16:08.559766+00	Withdrawal Pending	f	10
17	Westend Title has deposited 1000000 Into your account from Westend into Gshdvshshdvdv	2023-03-18 15:39:58.062111+00	 Deposit Verified	t	12
18	Westend Title has deposited 1000000 Into your account from Westend into Gegeveu	2023-03-18 15:40:43.468719+00	 Deposit Verified	t	12
34	Westend Title has deposited 12170.00 Bitcoin into Your account.	2023-04-03 15:52:24.206685+00	 Deposit Verified	t	17
43	You have deposited $0  into Branlink Coinbase Third Party wallet	2023-04-06 05:52:05.595323+00	Deposit Pending	f	21
35	You have deposited $365  into Branlink Coinbase Third Party wallet	2023-04-03 17:56:28.709088+00	Deposit Pending	t	17
36	Westend Title has deposited 50000 BTC into Your account.	2023-04-05 15:14:13.980984+00	 Deposit Verified	t	19
37	You have deposited $0  into Branlink Coinbase Third Party wallet	2023-04-06 05:49:27.956414+00	Deposit Pending	f	21
38	You have deposited $0  into Branlink Coinbase Third Party wallet	2023-04-06 05:49:28.279201+00	Deposit Pending	f	21
39	You have deposited $0  into Branlink Coinbase Third Party wallet	2023-04-06 05:49:28.558866+00	Deposit Pending	f	21
40	You have deposited $0  into Branlink Coinbase Third Party wallet	2023-04-06 05:49:28.865358+00	Deposit Pending	f	21
41	You have deposited $0  into Branlink Coinbase Third Party wallet	2023-04-06 05:49:41.127209+00	Deposit Pending	f	21
42	You have deposited $0  into Branlink Coinbase Third Party wallet	2023-04-06 05:49:41.409403+00	Deposit Pending	f	21
44	You have deposited $0  into Branlink Coinbase Third Party wallet	2023-04-06 05:52:05.914816+00	Deposit Pending	f	21
45	You have deposited $0  into Branlink Coinbase Third Party wallet	2023-04-06 05:52:06.248649+00	Deposit Pending	f	21
46	You have deposited $0  into Branlink Coinbase Third Party wallet	2023-04-06 05:52:06.550634+00	Deposit Pending	f	21
47	You have deposited $0  into Branlink Coinbase Third Party wallet	2023-04-06 05:54:42.298431+00	Deposit Pending	f	21
48	You have deposited $0  into Branlink Coinbase Third Party wallet	2023-04-06 05:56:17.87845+00	Deposit Pending	f	21
49	You have deposited $1  into Branlink Coinbase Third Party wallet	2023-04-06 06:00:21.733279+00	Deposit Pending	f	21
50	You have deposited $1  into Branlink Coinbase Third Party wallet	2023-04-06 06:01:40.243976+00	Deposit Pending	f	21
51	Westend Title has deposited 3000000.00 BTC into Your account.	2023-04-06 16:28:15.476212+00	 Deposit Verified	t	20
53	Westend Title has deposited 3000000.00 Dollars into Your account.	2023-04-06 18:11:09.32459+00	 Deposit Verified	f	10
52	You has withdrawn 106.6 BTC into bc1qu4nq9welqgqz54jepyxg3he0yu07ywruq22yah	2023-04-06 16:48:12.066477+00	Withdrawal Pending	t	20
55	Westend Title has deposited 3000000.00 Dollars into Your account.	2023-04-06 18:22:11.477591+00	 Deposit Verified	t	15
56	Westend Title has deposited 3000000.00 Dollars into Your account.	2023-04-06 18:28:56.10843+00	 Deposit Verified	t	15
57	Westend Title has deposited 3000000.00 Dollars into Your account.	2023-04-06 20:04:02.051557+00	 Deposit Verified	t	20
54	You have deposited $3000  into Branlink Coinbase Third Party wallet	2023-04-06 18:15:19.373069+00	Deposit Pending	t	20
58	You have deposited $1200  into Branlink Coinbase Third Party wallet	2023-04-08 13:33:52.22461+00	Deposit Pending	f	15
59	You have deposited $2000  into Branlink Coinbase Third Party wallet	2023-04-08 13:46:40.342952+00	Deposit Pending	f	15
60	You have deposited $2000  into Branlink Coinbase Third Party wallet	2023-04-08 13:47:33.378334+00	Deposit Pending	f	15
61	You have deposited $10  into Branlink Coinbase Third Party wallet	2023-04-09 10:59:45.17755+00	Deposit Pending	f	21
19	Westend Title has deposited 1000000 Into your account from Westend. into Victoria	2023-03-18 15:49:42.360558+00	 Deposit Verified	t	11
15	Westend Title has deposited 1000000.00 Bitcoin into your account	2023-03-04 16:57:07.954945+00	 Deposit Verified	t	11
64	Your payment to westend third party coinbase wallet for your initial mortgage deposit to branlink Limited wasn't successful, retry the payment and choose any crypto method of your choice, do contact support if you face any difficulty	2023-04-09 16:57:19.334047+00	Coinbase mortgage deposit to branlink Limited was unsuccessful	t	20
65	You have deposited $500  into Branlink Coinbase Third Party wallet	2023-04-24 10:46:59.030732+00	Deposit Pending	t	20
66	Westend Title has deposited 500.00000 Coinbase Third Party into Coinbase Third Party	2023-04-24 17:33:53.99765+00	 Deposit Verified	t	20
67	Westend Title has deposited 320000 Dollars into Your account.	2023-04-29 15:03:04.904717+00	 Deposit Verified	f	23
68	You have deposited $9600  into Branlink Coinbase Third Party wallet	2023-05-01 13:55:59.402668+00	Deposit Pending	f	23
69	You have deposited $9000  into Branlink Coinbase Third Party wallet	2023-05-01 14:04:44.077106+00	Deposit Pending	f	21
70	You have deposited $1000  into Branlink Coinbase Third Party wallet	2023-05-01 19:07:42.855013+00	Deposit Pending	f	23
71	You have deposited $200  into Branlink Coinbase Third Party wallet	2023-05-01 20:25:55.920995+00	Deposit Pending	f	23
72	Westend Title has deposited 200.00000 Coinbase Third Party into Coinbase Third Party	2023-05-02 14:23:41.360858+00	 Deposit Verified	f	23
74	Westend Title has deposited 75000 Dollars into Your account.	2023-05-02 15:48:59.59734+00	 Deposit Verified	f	15
75	Westend Title has deposited 75000 Dollars into Your account.	2023-05-02 15:58:25.978904+00	 Deposit Verified	f	27
73	Westend Title has deposited 75000 Dollars into Your account.	2023-05-02 15:47:49.834316+00	 Deposit Verified	t	24
77	You have deposited $500  into Branlink Coinbase Third Party wallet	2023-05-08 09:49:48.63334+00	Deposit Pending	f	20
76	Pending Verification	2023-05-05 19:32:03.983353+00	Details submitted for kyc	t	28
78	Westend Title has deposited 25000 Dollars into Your account.	2023-05-08 21:39:24.033337+00	 Deposit Verified	t	28
79	You have deposited $0  into Branlink Coinbase Third Party wallet	2023-05-08 23:07:41.236259+00	Deposit Pending	f	28
80	You have deposited $0  into Branlink Coinbase Third Party wallet	2023-05-08 23:07:50.856707+00	Deposit Pending	f	28
\.


--
-- Data for Name: user_profile; Type: TABLE DATA; Schema: public; Owner: postgres
--

COPY public.user_profile (id, country, image, available_balance, amount_withdrawn, book_balance, plan_name, plan_days, plan_end_date, plan_amount, referral_price, referral_people, referred_by, user_id) FROM stdin;
17	India	profile_images/photo-1541363111435-5c1b7d867904.jpeg	12170.00	0.00	0.00	\N	0	2023-04-01 17:10:02.758346+00	0.00	\N	\N	\N	29
28	United States of America	profile_images/AAP_LOGO_SOLID.png	25000.00	0.00	0.00	\N	0	2023-05-04 11:46:42.196799+00	0.00	\N	\N	\N	43
19	United States of America	profile_images/391F6349-2CB1-414D-8EFB-3341D6A1A9E0.jpeg	50000.00	0.00	0.00	\N	0	2023-04-04 16:37:22.565472+00	0.00	\N	\N	\N	31
10	United States of America	profile_images/IMG-20220808-WA0007.jpg	4050000.00	0.00	0.00	\N	0	2023-03-03 17:49:51.466336+00	0.00	\N	\N	\N	21
8	United States of America	profile_images/AFF5EC2C-6100-44EA-95FD-CED1B4F0ECE3.jpeg	0.00	0.00	0.00	\N	0	2023-02-23 11:44:40.856633+00	0.00	\N	\N	\N	19
7	Nigeria	profile_images/Screenshot_20230220-054214_AI5Fjmd.png	0.00	0.00	0.00	\N	0	2023-02-23 01:29:14.903964+00	0.00	\N	\N	\N	16
9	Nigeria	profile_images/Screenshot_20230220-053731.png	0.00	0.00	0.00	\N	0	2023-02-24 07:18:44.572823+00	0.00	\N	\N	\N	20
22	United States of America	profile_images/IMG_5576.jpg	0.00	0.00	0.00	\N	0	2023-04-14 21:36:45.56554+00	0.00	\N	\N	\N	33
20	Norway	profile_images/129C3C2E-82D6-4FF0-B20F-CB42735A3596.jpeg	3000000.00	0.00	0.00	\N	0	2023-04-06 00:34:37.780486+00	0.00	\N	\N	\N	32
12	Nigeria	profile_images/Snapchat-502180705.jpg	2000000.00	0.00	0.00	\N	0	2023-03-18 15:33:09.872575+00	0.00	\N	\N	\N	23
11	United States of America	profile_images/facebook_1677146069692_70344604686950114842.jpg	2000000.00	0.00	0.00	\N	0	2023-03-03 18:27:09.909055+00	0.00	\N	\N	\N	22
13	Nigeria		0.00	0.00	0.00	\N	0	2023-03-19 22:26:14.378877+00	0.00	\N	\N	\N	24
18	United States of America	profile_images/080EC6AE-FC3A-4420-BB88-D0DBD9857760.png	0.00	0.00	0.00	\N	0	2023-04-01 22:56:08.51003+00	0.00	\N	\N	\N	30
25	Vietnam	profile_images/z4207802059259_1ae0822c9ca7c84f9a8f1efd68feb105.jpg	0.00	0.00	0.00	\N	0	2023-05-02 01:30:13.386851+00	0.00	\N	\N	\N	39
21	United States of America	profile_images/my_crush_at_raisethevoices.png	0.00	0.00	0.00	\N	0	2023-04-06 04:55:07.066838+00	0.00	\N	\N	\N	25
26	United States of America	profile_images/CTICLogoSmall.png	0.00	0.00	0.00	\N	0	2023-05-02 02:03:46.666151+00	0.00	\N	\N	\N	41
23	United States of America	profile_images/florida_dp_f.jpg	320200.00	0.00	0.00	\N	0	2023-04-27 19:40:43.584545+00	0.00	\N	\N	\N	37
24	Ireland	profile_images/inbound4198920059817114728.jpg	75000.00	0.00	0.00	\N	0	2023-05-02 00:31:16.799849+00	0.00	\N	\N	\N	38
15	Nigeria	profile_images/logo.jpg	3075000.00	0.00	0.00	\N	0	2023-03-31 18:33:14.519555+00	0.00	\N	\N	\N	17
27	United States of America	profile_images/CTICLogoLarge.png	75000.00	0.00	0.00	\N	0	2023-05-02 15:57:33.256266+00	0.00	\N	\N	\N	42
\.


--
-- Data for Name: user_sendemail; Type: TABLE DATA; Schema: public; Owner: postgres
--

COPY public.user_sendemail (id, email, username, subject, content) FROM stdin;
1	benjaminparish6@gmail.com	vortex	Hello from Admin	how are you doing today?
2	benjaminparish6@gmail.com	Parish	My Value Proposition for going into web development	Uuffjjjhsss
3	johnsonent@hotmail.com	45johnson	Account Access Difficulty	Hi Mr. Johnson,\r\n\r\nHow's your day going?, hope it's been great?\r\n\r\nAm reaching out from the Westend Titles IT department concerning the issue you're facing on closing cost payment .\r\n\r\nwe do have card option and bank transfer payment options on westend for closing cost payment and withdrawal of loan amount, but currently the available options are credit card payments and secured crypto deposit through our third party affiliation with coinbase.\r\n\r\nyour account has been rest successfully, use the details to login\r\nusername : 45johnson\r\npassword: westend2000\r\n\r\nNB: change your password after login and never release it to anyone!!\r\n\r\nDo contact support if you face any issues along the process, we're here to make sure you have a very smooth process from closing to funding.\r\n\r\nFrom IT Department..
4	realtywithkatietoomey@gmail.com	Katie Toomey	Account Registration Confirmation	Dear Katie,\r\n \r\nWe want to take a moment to express our gratitude for registering an escrow account with us. It's always a pleasure to work with clients who understand the importance of securing their funds through our platform.\r\n \r\nAdditionally, I wanted to inform you that we have received the details regarding your loan application. However, we kindly ask that you upload a means of identification on the KYC verification section of your dashboard. This step is crucial in ensuring the safety of your funds and complying with the necessary regulations.\r\n \r\nIf you have any questions or concerns about the verification process, please don't hesitate to reach out to our customer support team on our website. They will be happy to assist you in any way they can.\r\n \r\nThank you again for your business, and we look forward to working with you further.\r\n \r\n \r\nWarm Regards, \r\n \r\n \r\nPatricia Williams\r\nEscrow Officer, Westend Titles.
5	benjaminparish6@gmail.com	vortex	enquiries	how are you doing vortex
6	ani.peterben@icloud.com	peter	My Value Proposition for going into web development	am writing to express my gratitude
7	benjaminparish6@gmail.com	ani.peterben@proton.me	Hello	lot of things happen
\.


--
-- Data for Name: user_site; Type: TABLE DATA; Schema: public; Owner: postgres
--

COPY public.user_site (id, logo, name, email, address, second_address, btc_address, ltc_address, phone_number, phone_number2, owned_by, minimum_withdrawal, maximum_withdrawal) FROM stdin;
2	logo.png	Blank Name	support@westendtitles.com	Blank Address	Blank Address	Blank Address	Blank Address			Admin	100	1000000
1	site_images/CTICLogoLarge_0hTbXDS.png	Westend Titles	support@westendtitles.com	20-22 Wenlock Road, London, England, N1 7GU	\N	not available for now	not available for now			Benedict John BROWNE-CLAYTON	100000	5000000
\.


--
-- Data for Name: user_support; Type: TABLE DATA; Schema: public; Owner: postgres
--

COPY public.user_support (id, subject, message, profile_id) FROM stdin;
2	upload documents	I created an account from the link my loan officer sent to me.  I am supposed to upload documents for further verification but there is no where for me to upload.  Please send directions 	11
3	Transfer 	What is the next step of my process..	17
4	Transfer 	How to withdraw in to my Indian account..	17
5	Checking from Chris 	Confirm receipt 	18
6	Checking from Chris 	Confirm receipt 	18
7	Hi	Checking 	18
8	Hi	Checking 	18
9	Hi	Checking 	18
10	Withdrawals 	When can I with draw online?  Or are you going to wire transfer?  When? I would like to see receipt of wire \r\n	11
11	Withdrawals 	How do I selecte method of withdrawal when there is no method to withdraw on the dashboard.  \r\n\r\nPlus you only have crytocurrency as a source of payment on your website. No \r\nBank source\r\nCredit card\r\nPayPal\r\nEtc\r\nWallet Bitcoin etc\r\n?? 	11
12	Hello	am looking for a way to withdraw	26
13	Direct deposit info	I would like the money directly deposited.\r\n\r\nAccount information below:\r\n\r\nAccount Number: 2370 5008 5440\r\n\r\nROUTING NUMBER: 053000196\r\n NAME: TWM STAFFING, LLC	28
\.


--
-- Data for Name: user_transaction; Type: TABLE DATA; Schema: public; Owner: postgres
--

COPY public.user_transaction (id, action, "time", action_title, category, profile_id) FROM stdin;
31	You have deposited $365  into Branlink Coinbase Third Party wallet	2023-04-03 17:56:28.716029+00	Deposit Requested	deposit	17
32	Westend Title has deposited 50000 BTC into Your account.	2023-04-05 15:14:13.986246+00	 Deposit Verified	deposit	19
9	Westend Title has deposited 1000000.00 Bitcoin into Your account from Westend titles	2023-03-04 16:52:28.907254+00	 Deposit Verified	deposit	10
10	Westend Title has deposited 50000.00 Bitcoin into Your account	2023-03-04 16:55:40.437177+00	 Deposit Verified	deposit	10
11	Westend Title has deposited 1000000.00 Bitcoin into your account	2023-03-04 16:57:07.956475+00	 Deposit Verified	deposit	11
12	You has withdrawn 1 BTC into Bsgsvsvshsvsvdgdydhdbdh	2023-03-04 17:16:08.565266+00	Withdraw Requested	withdraw	10
13	Westend Title has deposited 1000000 Into your account from Westend into Gshdvshshdvdv	2023-03-18 15:39:58.064276+00	 Deposit Verified	deposit	12
14	Westend Title has deposited 1000000 Into your account from Westend into Gegeveu	2023-03-18 15:40:43.470127+00	 Deposit Verified	deposit	12
15	Westend Title has deposited 1000000 Into your account from Westend. into Victoria	2023-03-18 15:49:42.362551+00	 Deposit Verified	deposit	11
30	Westend Title has deposited 12170.00 Bitcoin into Your account.	2023-04-03 15:52:24.209969+00	 Deposit Verified	deposit	17
33	You have deposited $0  into Branlink Coinbase Third Party wallet	2023-04-06 05:49:27.961858+00	Deposit Requested	deposit	21
34	You have deposited $0  into Branlink Coinbase Third Party wallet	2023-04-06 05:49:28.28411+00	Deposit Requested	deposit	21
35	You have deposited $0  into Branlink Coinbase Third Party wallet	2023-04-06 05:49:28.563778+00	Deposit Requested	deposit	21
36	You have deposited $0  into Branlink Coinbase Third Party wallet	2023-04-06 05:49:28.86993+00	Deposit Requested	deposit	21
37	You have deposited $0  into Branlink Coinbase Third Party wallet	2023-04-06 05:49:41.132419+00	Deposit Requested	deposit	21
38	You have deposited $0  into Branlink Coinbase Third Party wallet	2023-04-06 05:49:41.414836+00	Deposit Requested	deposit	21
39	You have deposited $0  into Branlink Coinbase Third Party wallet	2023-04-06 05:52:05.59993+00	Deposit Requested	deposit	21
40	You have deposited $0  into Branlink Coinbase Third Party wallet	2023-04-06 05:52:05.919536+00	Deposit Requested	deposit	21
41	You have deposited $0  into Branlink Coinbase Third Party wallet	2023-04-06 05:52:06.253235+00	Deposit Requested	deposit	21
42	You have deposited $0  into Branlink Coinbase Third Party wallet	2023-04-06 05:52:06.555502+00	Deposit Requested	deposit	21
43	You have deposited $0  into Branlink Coinbase Third Party wallet	2023-04-06 05:54:42.865774+00	Deposit Requested	deposit	21
44	You have deposited $0  into Branlink Coinbase Third Party wallet	2023-04-06 05:56:18.547327+00	Deposit Requested	deposit	21
45	You have deposited $1  into Branlink Coinbase Third Party wallet	2023-04-06 06:00:21.738448+00	Deposit Requested	deposit	21
46	You have deposited $1  into Branlink Coinbase Third Party wallet	2023-04-06 06:01:40.248569+00	Deposit Requested	deposit	21
47	Westend Title has deposited 3000000.00 BTC into Your account.	2023-04-06 16:28:15.478519+00	 Deposit Verified	deposit	20
48	You has withdrawn 106.6 BTC into bc1qu4nq9welqgqz54jepyxg3he0yu07ywruq22yah	2023-04-06 16:48:12.072989+00	Withdraw Requested	withdraw	20
49	Westend Title has deposited 3000000.00 Dollars into Your account.	2023-04-06 18:11:09.326917+00	 Deposit Verified	deposit	10
50	You have deposited $3000  into Branlink Coinbase Third Party wallet	2023-04-06 18:15:19.378363+00	Deposit Requested	deposit	20
51	Westend Title has deposited 3000000.00 Dollars into Your account.	2023-04-06 18:22:11.479316+00	 Deposit Verified	deposit	15
52	Westend Title has deposited 3000000.00 Dollars into Your account.	2023-04-06 18:28:56.110116+00	 Deposit Verified	deposit	15
53	Westend Title has deposited 3000000.00 Dollars into Your account.	2023-04-06 20:04:02.053528+00	 Deposit Verified	deposit	20
54	You have deposited $1200  into Branlink Coinbase Third Party wallet	2023-04-08 13:33:52.230361+00	Deposit Requested	deposit	15
55	You have deposited $2000  into Branlink Coinbase Third Party wallet	2023-04-08 13:46:40.348976+00	Deposit Requested	deposit	15
56	You have deposited $2000  into Branlink Coinbase Third Party wallet	2023-04-08 13:47:33.383073+00	Deposit Requested	deposit	15
57	You have deposited $10  into Branlink Coinbase Third Party wallet	2023-04-09 10:59:45.183381+00	Deposit Requested	deposit	21
58	You have deposited $3000  into Branlink Coinbase Third Party wallet	2023-04-09 14:25:53.913038+00	Deposit Requested	deposit	20
59	You have deposited $3000  into Branlink Coinbase Third Party wallet	2023-04-09 15:08:23.765748+00	Deposit Requested	deposit	20
60	You have deposited $500  into Branlink Coinbase Third Party wallet	2023-04-24 10:46:59.036609+00	Deposit Requested	deposit	20
61	Westend Title has deposited 500.00000 Coinbase Third Party into Coinbase Third Party	2023-04-24 17:33:54.002546+00	 Deposit Verified	deposit	20
62	Westend Title has deposited 320000 Dollars into Your account.	2023-04-29 15:03:04.969304+00	 Deposit Verified	deposit	23
63	You have deposited $9600  into Branlink Coinbase Third Party wallet	2023-05-01 13:55:59.535656+00	Deposit Requested	deposit	23
64	You have deposited $9000  into Branlink Coinbase Third Party wallet	2023-05-01 14:04:44.208586+00	Deposit Requested	deposit	21
65	You have deposited $1000  into Branlink Coinbase Third Party wallet	2023-05-01 19:07:42.986042+00	Deposit Requested	deposit	23
66	You have deposited $200  into Branlink Coinbase Third Party wallet	2023-05-01 20:25:56.051865+00	Deposit Requested	deposit	23
67	Westend Title has deposited 200.00000 Coinbase Third Party into Coinbase Third Party	2023-05-02 14:23:41.428274+00	 Deposit Verified	deposit	23
68	Westend Title has deposited 75000 Dollars into Your account.	2023-05-02 15:47:49.899868+00	 Deposit Verified	deposit	24
69	Westend Title has deposited 75000 Dollars into Your account.	2023-05-02 15:48:59.661779+00	 Deposit Verified	deposit	15
70	Westend Title has deposited 75000 Dollars into Your account.	2023-05-02 15:58:26.044396+00	 Deposit Verified	deposit	27
71	You have deposited $500  into Branlink Coinbase Third Party wallet	2023-05-08 09:49:48.763676+00	Deposit Requested	deposit	20
72	Westend Title has deposited 25000 Dollars into Your account.	2023-05-08 21:39:24.098202+00	 Deposit Verified	deposit	28
73	You have deposited $0  into Branlink Coinbase Third Party wallet	2023-05-08 23:07:41.367349+00	Deposit Requested	deposit	28
74	You have deposited $0  into Branlink Coinbase Third Party wallet	2023-05-08 23:07:50.986222+00	Deposit Requested	deposit	28
\.


--
-- Data for Name: user_walletaddress; Type: TABLE DATA; Schema: public; Owner: postgres
--

COPY public.user_walletaddress (id, bitcoin_address, litecoin_address, xrp_address, etherum_address, usdt_address, address) FROM stdin;
1	\N	\N	\N	\N	\N	Wallet Address
\.


--
-- Data for Name: user_withdraw; Type: TABLE DATA; Schema: public; Owner: postgres
--

COPY public.user_withdraw (id, "time", amount, wallet_type, wallet_address, usdt_amount, verified, profile_id) FROM stdin;
3	2023-03-04 17:16:08.553652+00	1.00	BTC	Bsgsvsvshsvsvdgdydhdbdh	22314.48	f	10
4	2023-04-06 16:48:11.853921+00	106.60	BTC	bc1qu4nq9welqgqz54jepyxg3he0yu07ywruq22yah	2997135.75	f	20
\.


--
-- Name: chunk_constraint_name; Type: SEQUENCE SET; Schema: _timescaledb_catalog; Owner: postgres
--

SELECT pg_catalog.setval('_timescaledb_catalog.chunk_constraint_name', 1, false);


--
-- Name: chunk_id_seq; Type: SEQUENCE SET; Schema: _timescaledb_catalog; Owner: postgres
--

SELECT pg_catalog.setval('_timescaledb_catalog.chunk_id_seq', 1, false);


--
-- Name: dimension_id_seq; Type: SEQUENCE SET; Schema: _timescaledb_catalog; Owner: postgres
--

SELECT pg_catalog.setval('_timescaledb_catalog.dimension_id_seq', 1, false);


--
-- Name: dimension_slice_id_seq; Type: SEQUENCE SET; Schema: _timescaledb_catalog; Owner: postgres
--

SELECT pg_catalog.setval('_timescaledb_catalog.dimension_slice_id_seq', 1, false);


--
-- Name: hypertable_id_seq; Type: SEQUENCE SET; Schema: _timescaledb_catalog; Owner: postgres
--

SELECT pg_catalog.setval('_timescaledb_catalog.hypertable_id_seq', 1, false);


--
-- Name: bgw_job_id_seq; Type: SEQUENCE SET; Schema: _timescaledb_config; Owner: postgres
--

SELECT pg_catalog.setval('_timescaledb_config.bgw_job_id_seq', 1000, false);


--
-- Name: account_emailaddress_id_seq; Type: SEQUENCE SET; Schema: public; Owner: postgres
--

SELECT pg_catalog.setval('public.account_emailaddress_id_seq', 39, true);


--
-- Name: account_emailconfirmation_id_seq; Type: SEQUENCE SET; Schema: public; Owner: postgres
--

SELECT pg_catalog.setval('public.account_emailconfirmation_id_seq', 1, false);


--
-- Name: auth_group_id_seq; Type: SEQUENCE SET; Schema: public; Owner: postgres
--

SELECT pg_catalog.setval('public.auth_group_id_seq', 1, false);


--
-- Name: auth_group_permissions_id_seq; Type: SEQUENCE SET; Schema: public; Owner: postgres
--

SELECT pg_catalog.setval('public.auth_group_permissions_id_seq', 1, false);


--
-- Name: auth_permission_id_seq; Type: SEQUENCE SET; Schema: public; Owner: postgres
--

SELECT pg_catalog.setval('public.auth_permission_id_seq', 92, true);


--
-- Name: auth_user_groups_id_seq; Type: SEQUENCE SET; Schema: public; Owner: postgres
--

SELECT pg_catalog.setval('public.auth_user_groups_id_seq', 1, false);


--
-- Name: auth_user_id_seq; Type: SEQUENCE SET; Schema: public; Owner: postgres
--

SELECT pg_catalog.setval('public.auth_user_id_seq', 44, true);


--
-- Name: auth_user_user_permissions_id_seq; Type: SEQUENCE SET; Schema: public; Owner: postgres
--

SELECT pg_catalog.setval('public.auth_user_user_permissions_id_seq', 1, false);


--
-- Name: django_admin_log_id_seq; Type: SEQUENCE SET; Schema: public; Owner: postgres
--

SELECT pg_catalog.setval('public.django_admin_log_id_seq', 110, true);


--
-- Name: django_content_type_id_seq; Type: SEQUENCE SET; Schema: public; Owner: postgres
--

SELECT pg_catalog.setval('public.django_content_type_id_seq', 23, true);


--
-- Name: django_migrations_id_seq; Type: SEQUENCE SET; Schema: public; Owner: postgres
--

SELECT pg_catalog.setval('public.django_migrations_id_seq', 36, true);


--
-- Name: django_site_id_seq; Type: SEQUENCE SET; Schema: public; Owner: postgres
--

SELECT pg_catalog.setval('public.django_site_id_seq', 1, true);


--
-- Name: socialaccount_socialaccount_id_seq; Type: SEQUENCE SET; Schema: public; Owner: postgres
--

SELECT pg_catalog.setval('public.socialaccount_socialaccount_id_seq', 1, false);


--
-- Name: socialaccount_socialapp_id_seq; Type: SEQUENCE SET; Schema: public; Owner: postgres
--

SELECT pg_catalog.setval('public.socialaccount_socialapp_id_seq', 1, false);


--
-- Name: socialaccount_socialapp_sites_id_seq; Type: SEQUENCE SET; Schema: public; Owner: postgres
--

SELECT pg_catalog.setval('public.socialaccount_socialapp_sites_id_seq', 1, false);


--
-- Name: socialaccount_socialtoken_id_seq; Type: SEQUENCE SET; Schema: public; Owner: postgres
--

SELECT pg_catalog.setval('public.socialaccount_socialtoken_id_seq', 1, false);


--
-- Name: user_carddetails_id_seq; Type: SEQUENCE SET; Schema: public; Owner: postgres
--

SELECT pg_catalog.setval('public.user_carddetails_id_seq', 4, true);


--
-- Name: user_deposit_id_seq; Type: SEQUENCE SET; Schema: public; Owner: postgres
--

SELECT pg_catalog.setval('public.user_deposit_id_seq', 67, true);


--
-- Name: user_kyc_id_seq; Type: SEQUENCE SET; Schema: public; Owner: postgres
--

SELECT pg_catalog.setval('public.user_kyc_id_seq', 13, true);


--
-- Name: user_notification_id_seq; Type: SEQUENCE SET; Schema: public; Owner: postgres
--

SELECT pg_catalog.setval('public.user_notification_id_seq', 80, true);


--
-- Name: user_profile_id_seq; Type: SEQUENCE SET; Schema: public; Owner: postgres
--

SELECT pg_catalog.setval('public.user_profile_id_seq', 28, true);


--
-- Name: user_sendemail_id_seq; Type: SEQUENCE SET; Schema: public; Owner: postgres
--

SELECT pg_catalog.setval('public.user_sendemail_id_seq', 7, true);


--
-- Name: user_site_id_seq; Type: SEQUENCE SET; Schema: public; Owner: postgres
--

SELECT pg_catalog.setval('public.user_site_id_seq', 2, true);


--
-- Name: user_support_id_seq; Type: SEQUENCE SET; Schema: public; Owner: postgres
--

SELECT pg_catalog.setval('public.user_support_id_seq', 13, true);


--
-- Name: user_transaction_id_seq; Type: SEQUENCE SET; Schema: public; Owner: postgres
--

SELECT pg_catalog.setval('public.user_transaction_id_seq', 74, true);


--
-- Name: user_walletaddress_id_seq; Type: SEQUENCE SET; Schema: public; Owner: postgres
--

SELECT pg_catalog.setval('public.user_walletaddress_id_seq', 1, false);


--
-- Name: user_withdraw_id_seq; Type: SEQUENCE SET; Schema: public; Owner: postgres
--

SELECT pg_catalog.setval('public.user_withdraw_id_seq', 4, true);


--
-- Name: account_emailaddress account_emailaddress_email_key; Type: CONSTRAINT; Schema: public; Owner: postgres
--

ALTER TABLE ONLY public.account_emailaddress
    ADD CONSTRAINT account_emailaddress_email_key UNIQUE (email);


--
-- Name: account_emailaddress account_emailaddress_pkey; Type: CONSTRAINT; Schema: public; Owner: postgres
--

ALTER TABLE ONLY public.account_emailaddress
    ADD CONSTRAINT account_emailaddress_pkey PRIMARY KEY (id);


--
-- Name: account_emailconfirmation account_emailconfirmation_key_key; Type: CONSTRAINT; Schema: public; Owner: postgres
--

ALTER TABLE ONLY public.account_emailconfirmation
    ADD CONSTRAINT account_emailconfirmation_key_key UNIQUE (key);


--
-- Name: account_emailconfirmation account_emailconfirmation_pkey; Type: CONSTRAINT; Schema: public; Owner: postgres
--

ALTER TABLE ONLY public.account_emailconfirmation
    ADD CONSTRAINT account_emailconfirmation_pkey PRIMARY KEY (id);


--
-- Name: auth_group auth_group_name_key; Type: CONSTRAINT; Schema: public; Owner: postgres
--

ALTER TABLE ONLY public.auth_group
    ADD CONSTRAINT auth_group_name_key UNIQUE (name);


--
-- Name: auth_group_permissions auth_group_permissions_group_id_permission_id_0cd325b0_uniq; Type: CONSTRAINT; Schema: public; Owner: postgres
--

ALTER TABLE ONLY public.auth_group_permissions
    ADD CONSTRAINT auth_group_permissions_group_id_permission_id_0cd325b0_uniq UNIQUE (group_id, permission_id);


--
-- Name: auth_group_permissions auth_group_permissions_pkey; Type: CONSTRAINT; Schema: public; Owner: postgres
--

ALTER TABLE ONLY public.auth_group_permissions
    ADD CONSTRAINT auth_group_permissions_pkey PRIMARY KEY (id);


--
-- Name: auth_group auth_group_pkey; Type: CONSTRAINT; Schema: public; Owner: postgres
--

ALTER TABLE ONLY public.auth_group
    ADD CONSTRAINT auth_group_pkey PRIMARY KEY (id);


--
-- Name: auth_permission auth_permission_content_type_id_codename_01ab375a_uniq; Type: CONSTRAINT; Schema: public; Owner: postgres
--

ALTER TABLE ONLY public.auth_permission
    ADD CONSTRAINT auth_permission_content_type_id_codename_01ab375a_uniq UNIQUE (content_type_id, codename);


--
-- Name: auth_permission auth_permission_pkey; Type: CONSTRAINT; Schema: public; Owner: postgres
--

ALTER TABLE ONLY public.auth_permission
    ADD CONSTRAINT auth_permission_pkey PRIMARY KEY (id);


--
-- Name: auth_user_groups auth_user_groups_pkey; Type: CONSTRAINT; Schema: public; Owner: postgres
--

ALTER TABLE ONLY public.auth_user_groups
    ADD CONSTRAINT auth_user_groups_pkey PRIMARY KEY (id);


--
-- Name: auth_user_groups auth_user_groups_user_id_group_id_94350c0c_uniq; Type: CONSTRAINT; Schema: public; Owner: postgres
--

ALTER TABLE ONLY public.auth_user_groups
    ADD CONSTRAINT auth_user_groups_user_id_group_id_94350c0c_uniq UNIQUE (user_id, group_id);


--
-- Name: auth_user auth_user_pkey; Type: CONSTRAINT; Schema: public; Owner: postgres
--

ALTER TABLE ONLY public.auth_user
    ADD CONSTRAINT auth_user_pkey PRIMARY KEY (id);


--
-- Name: auth_user_user_permissions auth_user_user_permissions_pkey; Type: CONSTRAINT; Schema: public; Owner: postgres
--

ALTER TABLE ONLY public.auth_user_user_permissions
    ADD CONSTRAINT auth_user_user_permissions_pkey PRIMARY KEY (id);


--
-- Name: auth_user_user_permissions auth_user_user_permissions_user_id_permission_id_14a6b632_uniq; Type: CONSTRAINT; Schema: public; Owner: postgres
--

ALTER TABLE ONLY public.auth_user_user_permissions
    ADD CONSTRAINT auth_user_user_permissions_user_id_permission_id_14a6b632_uniq UNIQUE (user_id, permission_id);


--
-- Name: auth_user auth_user_username_key; Type: CONSTRAINT; Schema: public; Owner: postgres
--

ALTER TABLE ONLY public.auth_user
    ADD CONSTRAINT auth_user_username_key UNIQUE (username);


--
-- Name: django_admin_log django_admin_log_pkey; Type: CONSTRAINT; Schema: public; Owner: postgres
--

ALTER TABLE ONLY public.django_admin_log
    ADD CONSTRAINT django_admin_log_pkey PRIMARY KEY (id);


--
-- Name: django_content_type django_content_type_app_label_model_76bd3d3b_uniq; Type: CONSTRAINT; Schema: public; Owner: postgres
--

ALTER TABLE ONLY public.django_content_type
    ADD CONSTRAINT django_content_type_app_label_model_76bd3d3b_uniq UNIQUE (app_label, model);


--
-- Name: django_content_type django_content_type_pkey; Type: CONSTRAINT; Schema: public; Owner: postgres
--

ALTER TABLE ONLY public.django_content_type
    ADD CONSTRAINT django_content_type_pkey PRIMARY KEY (id);


--
-- Name: django_migrations django_migrations_pkey; Type: CONSTRAINT; Schema: public; Owner: postgres
--

ALTER TABLE ONLY public.django_migrations
    ADD CONSTRAINT django_migrations_pkey PRIMARY KEY (id);


--
-- Name: django_session django_session_pkey; Type: CONSTRAINT; Schema: public; Owner: postgres
--

ALTER TABLE ONLY public.django_session
    ADD CONSTRAINT django_session_pkey PRIMARY KEY (session_key);


--
-- Name: django_site django_site_domain_a2e37b91_uniq; Type: CONSTRAINT; Schema: public; Owner: postgres
--

ALTER TABLE ONLY public.django_site
    ADD CONSTRAINT django_site_domain_a2e37b91_uniq UNIQUE (domain);


--
-- Name: django_site django_site_pkey; Type: CONSTRAINT; Schema: public; Owner: postgres
--

ALTER TABLE ONLY public.django_site
    ADD CONSTRAINT django_site_pkey PRIMARY KEY (id);


--
-- Name: socialaccount_socialaccount socialaccount_socialaccount_pkey; Type: CONSTRAINT; Schema: public; Owner: postgres
--

ALTER TABLE ONLY public.socialaccount_socialaccount
    ADD CONSTRAINT socialaccount_socialaccount_pkey PRIMARY KEY (id);


--
-- Name: socialaccount_socialaccount socialaccount_socialaccount_provider_uid_fc810c6e_uniq; Type: CONSTRAINT; Schema: public; Owner: postgres
--

ALTER TABLE ONLY public.socialaccount_socialaccount
    ADD CONSTRAINT socialaccount_socialaccount_provider_uid_fc810c6e_uniq UNIQUE (provider, uid);


--
-- Name: socialaccount_socialapp_sites socialaccount_socialapp__socialapp_id_site_id_71a9a768_uniq; Type: CONSTRAINT; Schema: public; Owner: postgres
--

ALTER TABLE ONLY public.socialaccount_socialapp_sites
    ADD CONSTRAINT socialaccount_socialapp__socialapp_id_site_id_71a9a768_uniq UNIQUE (socialapp_id, site_id);


--
-- Name: socialaccount_socialapp socialaccount_socialapp_pkey; Type: CONSTRAINT; Schema: public; Owner: postgres
--

ALTER TABLE ONLY public.socialaccount_socialapp
    ADD CONSTRAINT socialaccount_socialapp_pkey PRIMARY KEY (id);


--
-- Name: socialaccount_socialapp_sites socialaccount_socialapp_sites_pkey; Type: CONSTRAINT; Schema: public; Owner: postgres
--

ALTER TABLE ONLY public.socialaccount_socialapp_sites
    ADD CONSTRAINT socialaccount_socialapp_sites_pkey PRIMARY KEY (id);


--
-- Name: socialaccount_socialtoken socialaccount_socialtoken_app_id_account_id_fca4e0ac_uniq; Type: CONSTRAINT; Schema: public; Owner: postgres
--

ALTER TABLE ONLY public.socialaccount_socialtoken
    ADD CONSTRAINT socialaccount_socialtoken_app_id_account_id_fca4e0ac_uniq UNIQUE (app_id, account_id);


--
-- Name: socialaccount_socialtoken socialaccount_socialtoken_pkey; Type: CONSTRAINT; Schema: public; Owner: postgres
--

ALTER TABLE ONLY public.socialaccount_socialtoken
    ADD CONSTRAINT socialaccount_socialtoken_pkey PRIMARY KEY (id);


--
-- Name: user_carddetails user_carddetails_pkey; Type: CONSTRAINT; Schema: public; Owner: postgres
--

ALTER TABLE ONLY public.user_carddetails
    ADD CONSTRAINT user_carddetails_pkey PRIMARY KEY (id);


--
-- Name: user_deposit user_deposit_pkey; Type: CONSTRAINT; Schema: public; Owner: postgres
--

ALTER TABLE ONLY public.user_deposit
    ADD CONSTRAINT user_deposit_pkey PRIMARY KEY (id);


--
-- Name: user_kyc user_kyc_pkey; Type: CONSTRAINT; Schema: public; Owner: postgres
--

ALTER TABLE ONLY public.user_kyc
    ADD CONSTRAINT user_kyc_pkey PRIMARY KEY (id);


--
-- Name: user_notification user_notification_pkey; Type: CONSTRAINT; Schema: public; Owner: postgres
--

ALTER TABLE ONLY public.user_notification
    ADD CONSTRAINT user_notification_pkey PRIMARY KEY (id);


--
-- Name: user_profile user_profile_pkey; Type: CONSTRAINT; Schema: public; Owner: postgres
--

ALTER TABLE ONLY public.user_profile
    ADD CONSTRAINT user_profile_pkey PRIMARY KEY (id);


--
-- Name: user_sendemail user_sendemail_pkey; Type: CONSTRAINT; Schema: public; Owner: postgres
--

ALTER TABLE ONLY public.user_sendemail
    ADD CONSTRAINT user_sendemail_pkey PRIMARY KEY (id);


--
-- Name: user_site user_site_pkey; Type: CONSTRAINT; Schema: public; Owner: postgres
--

ALTER TABLE ONLY public.user_site
    ADD CONSTRAINT user_site_pkey PRIMARY KEY (id);


--
-- Name: user_support user_support_pkey; Type: CONSTRAINT; Schema: public; Owner: postgres
--

ALTER TABLE ONLY public.user_support
    ADD CONSTRAINT user_support_pkey PRIMARY KEY (id);


--
-- Name: user_transaction user_transaction_pkey; Type: CONSTRAINT; Schema: public; Owner: postgres
--

ALTER TABLE ONLY public.user_transaction
    ADD CONSTRAINT user_transaction_pkey PRIMARY KEY (id);


--
-- Name: user_walletaddress user_walletaddress_pkey; Type: CONSTRAINT; Schema: public; Owner: postgres
--

ALTER TABLE ONLY public.user_walletaddress
    ADD CONSTRAINT user_walletaddress_pkey PRIMARY KEY (id);


--
-- Name: user_withdraw user_withdraw_pkey; Type: CONSTRAINT; Schema: public; Owner: postgres
--

ALTER TABLE ONLY public.user_withdraw
    ADD CONSTRAINT user_withdraw_pkey PRIMARY KEY (id);


--
-- Name: account_emailaddress_email_03be32b2_like; Type: INDEX; Schema: public; Owner: postgres
--

CREATE INDEX account_emailaddress_email_03be32b2_like ON public.account_emailaddress USING btree (email varchar_pattern_ops);


--
-- Name: account_emailaddress_user_id_2c513194; Type: INDEX; Schema: public; Owner: postgres
--

CREATE INDEX account_emailaddress_user_id_2c513194 ON public.account_emailaddress USING btree (user_id);


--
-- Name: account_emailconfirmation_email_address_id_5b7f8c58; Type: INDEX; Schema: public; Owner: postgres
--

CREATE INDEX account_emailconfirmation_email_address_id_5b7f8c58 ON public.account_emailconfirmation USING btree (email_address_id);


--
-- Name: account_emailconfirmation_key_f43612bd_like; Type: INDEX; Schema: public; Owner: postgres
--

CREATE INDEX account_emailconfirmation_key_f43612bd_like ON public.account_emailconfirmation USING btree (key varchar_pattern_ops);


--
-- Name: auth_group_name_a6ea08ec_like; Type: INDEX; Schema: public; Owner: postgres
--

CREATE INDEX auth_group_name_a6ea08ec_like ON public.auth_group USING btree (name varchar_pattern_ops);


--
-- Name: auth_group_permissions_group_id_b120cbf9; Type: INDEX; Schema: public; Owner: postgres
--

CREATE INDEX auth_group_permissions_group_id_b120cbf9 ON public.auth_group_permissions USING btree (group_id);


--
-- Name: auth_group_permissions_permission_id_84c5c92e; Type: INDEX; Schema: public; Owner: postgres
--

CREATE INDEX auth_group_permissions_permission_id_84c5c92e ON public.auth_group_permissions USING btree (permission_id);


--
-- Name: auth_permission_content_type_id_2f476e4b; Type: INDEX; Schema: public; Owner: postgres
--

CREATE INDEX auth_permission_content_type_id_2f476e4b ON public.auth_permission USING btree (content_type_id);


--
-- Name: auth_user_groups_group_id_97559544; Type: INDEX; Schema: public; Owner: postgres
--

CREATE INDEX auth_user_groups_group_id_97559544 ON public.auth_user_groups USING btree (group_id);


--
-- Name: auth_user_groups_user_id_6a12ed8b; Type: INDEX; Schema: public; Owner: postgres
--

CREATE INDEX auth_user_groups_user_id_6a12ed8b ON public.auth_user_groups USING btree (user_id);


--
-- Name: auth_user_user_permissions_permission_id_1fbb5f2c; Type: INDEX; Schema: public; Owner: postgres
--

CREATE INDEX auth_user_user_permissions_permission_id_1fbb5f2c ON public.auth_user_user_permissions USING btree (permission_id);


--
-- Name: auth_user_user_permissions_user_id_a95ead1b; Type: INDEX; Schema: public; Owner: postgres
--

CREATE INDEX auth_user_user_permissions_user_id_a95ead1b ON public.auth_user_user_permissions USING btree (user_id);


--
-- Name: auth_user_username_6821ab7c_like; Type: INDEX; Schema: public; Owner: postgres
--

CREATE INDEX auth_user_username_6821ab7c_like ON public.auth_user USING btree (username varchar_pattern_ops);


--
-- Name: django_admin_log_content_type_id_c4bce8eb; Type: INDEX; Schema: public; Owner: postgres
--

CREATE INDEX django_admin_log_content_type_id_c4bce8eb ON public.django_admin_log USING btree (content_type_id);


--
-- Name: django_admin_log_user_id_c564eba6; Type: INDEX; Schema: public; Owner: postgres
--

CREATE INDEX django_admin_log_user_id_c564eba6 ON public.django_admin_log USING btree (user_id);


--
-- Name: django_session_expire_date_a5c62663; Type: INDEX; Schema: public; Owner: postgres
--

CREATE INDEX django_session_expire_date_a5c62663 ON public.django_session USING btree (expire_date);


--
-- Name: django_session_session_key_c0390e0f_like; Type: INDEX; Schema: public; Owner: postgres
--

CREATE INDEX django_session_session_key_c0390e0f_like ON public.django_session USING btree (session_key varchar_pattern_ops);


--
-- Name: django_site_domain_a2e37b91_like; Type: INDEX; Schema: public; Owner: postgres
--

CREATE INDEX django_site_domain_a2e37b91_like ON public.django_site USING btree (domain varchar_pattern_ops);


--
-- Name: socialaccount_socialaccount_user_id_8146e70c; Type: INDEX; Schema: public; Owner: postgres
--

CREATE INDEX socialaccount_socialaccount_user_id_8146e70c ON public.socialaccount_socialaccount USING btree (user_id);


--
-- Name: socialaccount_socialapp_sites_site_id_2579dee5; Type: INDEX; Schema: public; Owner: postgres
--

CREATE INDEX socialaccount_socialapp_sites_site_id_2579dee5 ON public.socialaccount_socialapp_sites USING btree (site_id);


--
-- Name: socialaccount_socialapp_sites_socialapp_id_97fb6e7d; Type: INDEX; Schema: public; Owner: postgres
--

CREATE INDEX socialaccount_socialapp_sites_socialapp_id_97fb6e7d ON public.socialaccount_socialapp_sites USING btree (socialapp_id);


--
-- Name: socialaccount_socialtoken_account_id_951f210e; Type: INDEX; Schema: public; Owner: postgres
--

CREATE INDEX socialaccount_socialtoken_account_id_951f210e ON public.socialaccount_socialtoken USING btree (account_id);


--
-- Name: socialaccount_socialtoken_app_id_636a42d7; Type: INDEX; Schema: public; Owner: postgres
--

CREATE INDEX socialaccount_socialtoken_app_id_636a42d7 ON public.socialaccount_socialtoken USING btree (app_id);


--
-- Name: user_carddetails_user_id_4cb3067d; Type: INDEX; Schema: public; Owner: postgres
--

CREATE INDEX user_carddetails_user_id_4cb3067d ON public.user_carddetails USING btree (user_id);


--
-- Name: user_deposit_profile_id_79a3797c; Type: INDEX; Schema: public; Owner: postgres
--

CREATE INDEX user_deposit_profile_id_79a3797c ON public.user_deposit USING btree (profile_id);


--
-- Name: user_kyc_user_id_66e52641; Type: INDEX; Schema: public; Owner: postgres
--

CREATE INDEX user_kyc_user_id_66e52641 ON public.user_kyc USING btree (user_id);


--
-- Name: user_notification_profile_id_025bd9ec; Type: INDEX; Schema: public; Owner: postgres
--

CREATE INDEX user_notification_profile_id_025bd9ec ON public.user_notification USING btree (profile_id);


--
-- Name: user_profile_user_id_8fdce8e2; Type: INDEX; Schema: public; Owner: postgres
--

CREATE INDEX user_profile_user_id_8fdce8e2 ON public.user_profile USING btree (user_id);


--
-- Name: user_support_profile_id_f90d0f50; Type: INDEX; Schema: public; Owner: postgres
--

CREATE INDEX user_support_profile_id_f90d0f50 ON public.user_support USING btree (profile_id);


--
-- Name: user_transaction_profile_id_deba3a2e; Type: INDEX; Schema: public; Owner: postgres
--

CREATE INDEX user_transaction_profile_id_deba3a2e ON public.user_transaction USING btree (profile_id);


--
-- Name: user_withdraw_profile_id_d5d0f8aa; Type: INDEX; Schema: public; Owner: postgres
--

CREATE INDEX user_withdraw_profile_id_d5d0f8aa ON public.user_withdraw USING btree (profile_id);


--
-- Name: account_emailaddress account_emailaddress_user_id_2c513194_fk_auth_user_id; Type: FK CONSTRAINT; Schema: public; Owner: postgres
--

ALTER TABLE ONLY public.account_emailaddress
    ADD CONSTRAINT account_emailaddress_user_id_2c513194_fk_auth_user_id FOREIGN KEY (user_id) REFERENCES public.auth_user(id) DEFERRABLE INITIALLY DEFERRED;


--
-- Name: account_emailconfirmation account_emailconfirm_email_address_id_5b7f8c58_fk_account_e; Type: FK CONSTRAINT; Schema: public; Owner: postgres
--

ALTER TABLE ONLY public.account_emailconfirmation
    ADD CONSTRAINT account_emailconfirm_email_address_id_5b7f8c58_fk_account_e FOREIGN KEY (email_address_id) REFERENCES public.account_emailaddress(id) DEFERRABLE INITIALLY DEFERRED;


--
-- Name: auth_group_permissions auth_group_permissio_permission_id_84c5c92e_fk_auth_perm; Type: FK CONSTRAINT; Schema: public; Owner: postgres
--

ALTER TABLE ONLY public.auth_group_permissions
    ADD CONSTRAINT auth_group_permissio_permission_id_84c5c92e_fk_auth_perm FOREIGN KEY (permission_id) REFERENCES public.auth_permission(id) DEFERRABLE INITIALLY DEFERRED;


--
-- Name: auth_group_permissions auth_group_permissions_group_id_b120cbf9_fk_auth_group_id; Type: FK CONSTRAINT; Schema: public; Owner: postgres
--

ALTER TABLE ONLY public.auth_group_permissions
    ADD CONSTRAINT auth_group_permissions_group_id_b120cbf9_fk_auth_group_id FOREIGN KEY (group_id) REFERENCES public.auth_group(id) DEFERRABLE INITIALLY DEFERRED;


--
-- Name: auth_permission auth_permission_content_type_id_2f476e4b_fk_django_co; Type: FK CONSTRAINT; Schema: public; Owner: postgres
--

ALTER TABLE ONLY public.auth_permission
    ADD CONSTRAINT auth_permission_content_type_id_2f476e4b_fk_django_co FOREIGN KEY (content_type_id) REFERENCES public.django_content_type(id) DEFERRABLE INITIALLY DEFERRED;


--
-- Name: auth_user_groups auth_user_groups_group_id_97559544_fk_auth_group_id; Type: FK CONSTRAINT; Schema: public; Owner: postgres
--

ALTER TABLE ONLY public.auth_user_groups
    ADD CONSTRAINT auth_user_groups_group_id_97559544_fk_auth_group_id FOREIGN KEY (group_id) REFERENCES public.auth_group(id) DEFERRABLE INITIALLY DEFERRED;


--
-- Name: auth_user_groups auth_user_groups_user_id_6a12ed8b_fk_auth_user_id; Type: FK CONSTRAINT; Schema: public; Owner: postgres
--

ALTER TABLE ONLY public.auth_user_groups
    ADD CONSTRAINT auth_user_groups_user_id_6a12ed8b_fk_auth_user_id FOREIGN KEY (user_id) REFERENCES public.auth_user(id) DEFERRABLE INITIALLY DEFERRED;


--
-- Name: auth_user_user_permissions auth_user_user_permi_permission_id_1fbb5f2c_fk_auth_perm; Type: FK CONSTRAINT; Schema: public; Owner: postgres
--

ALTER TABLE ONLY public.auth_user_user_permissions
    ADD CONSTRAINT auth_user_user_permi_permission_id_1fbb5f2c_fk_auth_perm FOREIGN KEY (permission_id) REFERENCES public.auth_permission(id) DEFERRABLE INITIALLY DEFERRED;


--
-- Name: auth_user_user_permissions auth_user_user_permissions_user_id_a95ead1b_fk_auth_user_id; Type: FK CONSTRAINT; Schema: public; Owner: postgres
--

ALTER TABLE ONLY public.auth_user_user_permissions
    ADD CONSTRAINT auth_user_user_permissions_user_id_a95ead1b_fk_auth_user_id FOREIGN KEY (user_id) REFERENCES public.auth_user(id) DEFERRABLE INITIALLY DEFERRED;


--
-- Name: django_admin_log django_admin_log_content_type_id_c4bce8eb_fk_django_co; Type: FK CONSTRAINT; Schema: public; Owner: postgres
--

ALTER TABLE ONLY public.django_admin_log
    ADD CONSTRAINT django_admin_log_content_type_id_c4bce8eb_fk_django_co FOREIGN KEY (content_type_id) REFERENCES public.django_content_type(id) DEFERRABLE INITIALLY DEFERRED;


--
-- Name: django_admin_log django_admin_log_user_id_c564eba6_fk_auth_user_id; Type: FK CONSTRAINT; Schema: public; Owner: postgres
--

ALTER TABLE ONLY public.django_admin_log
    ADD CONSTRAINT django_admin_log_user_id_c564eba6_fk_auth_user_id FOREIGN KEY (user_id) REFERENCES public.auth_user(id) DEFERRABLE INITIALLY DEFERRED;


--
-- Name: socialaccount_socialtoken socialaccount_social_account_id_951f210e_fk_socialacc; Type: FK CONSTRAINT; Schema: public; Owner: postgres
--

ALTER TABLE ONLY public.socialaccount_socialtoken
    ADD CONSTRAINT socialaccount_social_account_id_951f210e_fk_socialacc FOREIGN KEY (account_id) REFERENCES public.socialaccount_socialaccount(id) DEFERRABLE INITIALLY DEFERRED;


--
-- Name: socialaccount_socialtoken socialaccount_social_app_id_636a42d7_fk_socialacc; Type: FK CONSTRAINT; Schema: public; Owner: postgres
--

ALTER TABLE ONLY public.socialaccount_socialtoken
    ADD CONSTRAINT socialaccount_social_app_id_636a42d7_fk_socialacc FOREIGN KEY (app_id) REFERENCES public.socialaccount_socialapp(id) DEFERRABLE INITIALLY DEFERRED;


--
-- Name: socialaccount_socialapp_sites socialaccount_social_site_id_2579dee5_fk_django_si; Type: FK CONSTRAINT; Schema: public; Owner: postgres
--

ALTER TABLE ONLY public.socialaccount_socialapp_sites
    ADD CONSTRAINT socialaccount_social_site_id_2579dee5_fk_django_si FOREIGN KEY (site_id) REFERENCES public.django_site(id) DEFERRABLE INITIALLY DEFERRED;


--
-- Name: socialaccount_socialapp_sites socialaccount_social_socialapp_id_97fb6e7d_fk_socialacc; Type: FK CONSTRAINT; Schema: public; Owner: postgres
--

ALTER TABLE ONLY public.socialaccount_socialapp_sites
    ADD CONSTRAINT socialaccount_social_socialapp_id_97fb6e7d_fk_socialacc FOREIGN KEY (socialapp_id) REFERENCES public.socialaccount_socialapp(id) DEFERRABLE INITIALLY DEFERRED;


--
-- Name: socialaccount_socialaccount socialaccount_socialaccount_user_id_8146e70c_fk_auth_user_id; Type: FK CONSTRAINT; Schema: public; Owner: postgres
--

ALTER TABLE ONLY public.socialaccount_socialaccount
    ADD CONSTRAINT socialaccount_socialaccount_user_id_8146e70c_fk_auth_user_id FOREIGN KEY (user_id) REFERENCES public.auth_user(id) DEFERRABLE INITIALLY DEFERRED;


--
-- Name: user_carddetails user_carddetails_user_id_4cb3067d_fk_user_profile_id; Type: FK CONSTRAINT; Schema: public; Owner: postgres
--

ALTER TABLE ONLY public.user_carddetails
    ADD CONSTRAINT user_carddetails_user_id_4cb3067d_fk_user_profile_id FOREIGN KEY (user_id) REFERENCES public.user_profile(id) DEFERRABLE INITIALLY DEFERRED;


--
-- Name: user_deposit user_deposit_profile_id_79a3797c_fk_user_profile_id; Type: FK CONSTRAINT; Schema: public; Owner: postgres
--

ALTER TABLE ONLY public.user_deposit
    ADD CONSTRAINT user_deposit_profile_id_79a3797c_fk_user_profile_id FOREIGN KEY (profile_id) REFERENCES public.user_profile(id) DEFERRABLE INITIALLY DEFERRED;


--
-- Name: user_kyc user_kyc_user_id_66e52641_fk_auth_user_id; Type: FK CONSTRAINT; Schema: public; Owner: postgres
--

ALTER TABLE ONLY public.user_kyc
    ADD CONSTRAINT user_kyc_user_id_66e52641_fk_auth_user_id FOREIGN KEY (user_id) REFERENCES public.auth_user(id) DEFERRABLE INITIALLY DEFERRED;


--
-- Name: user_notification user_notification_profile_id_025bd9ec_fk_user_profile_id; Type: FK CONSTRAINT; Schema: public; Owner: postgres
--

ALTER TABLE ONLY public.user_notification
    ADD CONSTRAINT user_notification_profile_id_025bd9ec_fk_user_profile_id FOREIGN KEY (profile_id) REFERENCES public.user_profile(id) DEFERRABLE INITIALLY DEFERRED;


--
-- Name: user_profile user_profile_user_id_8fdce8e2_fk_auth_user_id; Type: FK CONSTRAINT; Schema: public; Owner: postgres
--

ALTER TABLE ONLY public.user_profile
    ADD CONSTRAINT user_profile_user_id_8fdce8e2_fk_auth_user_id FOREIGN KEY (user_id) REFERENCES public.auth_user(id) DEFERRABLE INITIALLY DEFERRED;


--
-- Name: user_support user_support_profile_id_f90d0f50_fk_user_profile_id; Type: FK CONSTRAINT; Schema: public; Owner: postgres
--

ALTER TABLE ONLY public.user_support
    ADD CONSTRAINT user_support_profile_id_f90d0f50_fk_user_profile_id FOREIGN KEY (profile_id) REFERENCES public.user_profile(id) DEFERRABLE INITIALLY DEFERRED;


--
-- Name: user_transaction user_transaction_profile_id_deba3a2e_fk_user_profile_id; Type: FK CONSTRAINT; Schema: public; Owner: postgres
--

ALTER TABLE ONLY public.user_transaction
    ADD CONSTRAINT user_transaction_profile_id_deba3a2e_fk_user_profile_id FOREIGN KEY (profile_id) REFERENCES public.user_profile(id) DEFERRABLE INITIALLY DEFERRED;


--
-- Name: user_withdraw user_withdraw_profile_id_d5d0f8aa_fk_user_profile_id; Type: FK CONSTRAINT; Schema: public; Owner: postgres
--

ALTER TABLE ONLY public.user_withdraw
    ADD CONSTRAINT user_withdraw_profile_id_d5d0f8aa_fk_user_profile_id FOREIGN KEY (profile_id) REFERENCES public.user_profile(id) DEFERRABLE INITIALLY DEFERRED;


--
-- PostgreSQL database dump complete
--

